"Longitude (x)","Latitude (y)","Station Name","Climate ID","Date/Time (LST)","Year","Month","Day","Time (LST)","Flag","Temp (°C)","Temp Flag","Dew Point Temp (°C)","Dew Point Temp Flag","Rel Hum (%)","Rel Hum Flag","Precip. Amount (mm)","Precip. Amount Flag","Wind Dir (10s deg)","Wind Dir Flag","Wind Spd (km/h)","Wind Spd Flag","Visibility (km)","Visibility Flag","Stn Press (kPa)","Stn Press Flag","Hmdx","Hmdx Flag","Wind Chill","Wind Chill Flag","Weather"
"-79.63","43.68","TORONTO INTL A","6158731","2024-08-01 00:00","2024","08","01","00:00","","24.0","","21.0","","83","","","","36","","10","","24.1","","99.30","","32","","","","NA"
"-79.63","43.68","TORONTO INTL A","6158731","2024-08-01 01:00","2024","08","01","01:00","","23.7","","21.9","","89","","","","31","","14","","24.1","","99.33","","33","","","","Clear"
"-79.63","43.68","TORONTO INTL A","6158731","2024-08-01 02:00","2024","08","01","02:00","","23.2","","22.2","","94","","","","32","","9","","24.1","","99.29","","33","","","","NA"
"-79.63","43.68","TORONTO INTL A","6158731","2024-08-01 03:00","2024","08","01","03:00","","22.4","","22.4","","100","","","","1","","9","","24.1","","99.27","","32","","","","NA"
"-79.63","43.68","TORONTO INTL A","6158731","2024-08-01 04:00","2024","08","01","04:00","","22.1","","22.1","","100","","","","32","","8","","24.1","","99.30","","32","","","","Clear"
"-79.63","43.68","TORONTO INTL A","6158731","2024-08-01 05:00","2024","08","01","05:00","","22.4","","22.4","","100","","","","30","","5","","24.1","","99.36","","32","","","","NA"
"-79.63","43.68","TORONTO INTL A","6158731","2024-08-01 06:00","2024","08","01","06:00","","22.9","","22.7","","99","","","","3","","3","","24.1","","99.35","","33","","","","NA"
"-79.63","43.68","TORONTO INTL A","6158731","2024-08-01 07:00","2024","08","01","07:00","","24.0","","23.4","","96","","","","3","","5","","24.1","","99.42","","35","","","","Mainly Clear"
"-79.63","43.68","TORONTO INTL A","6158731","2024-08-01 08:00","2024","08","01","08:00","","24.7","","22.8","","89","","","","32","","5","","24.1","","99.47","","35","","","","NA"
"-79.63","43.68","TORONTO INTL A","6158731","2024-08-01 09:00","2024","08","01","09:00","","25.6","","23.3","","87","","","","","","0","","19.3","","99.49","","36","","","","NA"
"-79.63","43.68","TORONTO INTL A","6158731","2024-08-01 10:00","2024","08","01","10:00","","23.9","","23.9","","100","","","","20","","6","","9.7","","99.49","","35","","","","Rain Showers,Fog"
"-79.63","43.68","TORONTO INTL A","6158731","2024-08-01 11:00","2024","08","01","11:00","","25.0","","25.0","","100","","","","19","","7","","16.1","","99.48","","37","","","","NA"
"-79.63","43.68","TORONTO INTL A","6158731","2024-08-01 12:00","2024","08","01","12:00","","26.6","","22.3","","77","","","","22","","9","","19.3","","99.47","","36","","","","NA"
"-79.63","43.68","TORONTO INTL A","6158731","2024-08-01 13:00","2024","08","01","13:00","","28.3","","23.8","","76","","","","10","","4","","19.3","","99.38","","39","","","","Mostly Cloudy"
"-79.63","43.68","TORONTO INTL A","6158731","2024-08-01 14:00","2024","08","01","14:00","","29.1","","21.2","","62","","","","13","","12","","19.3","","99.34","","38","","","","NA"
"-79.63","43.68","TORONTO INTL A","6158731","2024-08-01 15:00","2024","08","01","15:00","","29.2","","21.7","","63","","","","10","","11","","24.1","","99.28","","38","","","","NA"
"-79.63","43.68","TORONTO INTL A","6158731","2024-08-01 16:00","2024","08","01","16:00","","29.0","","22.1","","66","","","","14","","15","","24.1","","99.28","","38","","","","Mostly Cloudy"
"-79.63","43.68","TORONTO INTL A","6158731","2024-08-01 17:00","2024","08","01","17:00","","27.8","","20.2","","63","","","","15","","15","","24.1","","99.25","","36","","","","NA"
"-79.63","43.68","TORONTO INTL A","6158731","2024-08-01 18:00","2024","08","01","18:00","","27.2","","20.9","","68","","","","15","","13","","19.3","","99.26","","36","","","","NA"
"-79.63","43.68","TORONTO INTL A","6158731","2024-08-01 19:00","2024","08","01","19:00","","26.2","","20.6","","71","","","","12","","8","","24.1","","99.21","","34","","","","Mostly Cloudy"
"-79.63","43.68","TORONTO INTL A","6158731","2024-08-01 20:00","2024","08","01","20:00","","26.2","","19.4","","66","","","","14","","8","","24.1","","99.24","","33","","","","NA"
"-79.63","43.68","TORONTO INTL A","6158731","2024-08-01 21:00","2024","08","01","21:00","","25.9","","19.8","","69","","","","14","","5","","24.1","","99.27","","33","","","","NA"
"-79.63","43.68","TORONTO INTL A","6158731","2024-08-01 22:00","2024","08","01","22:00","","25.3","","20.1","","72","","","","17","","4","","24.1","","99.29","","33","","","","Mostly Cloudy"
"-79.63","43.68","TORONTO INTL A","6158731","2024-08-01 23:00","2024","08","01","23:00","","25.4","","20.9","","76","","","","10","","6","","24.1","","99.28","","34","","","","NA"
"-79.63","43.68","TORONTO INTL A","6158731","2024-08-02 00:00","2024","08","02","00:00","","25.1","","20.7","","77","","","","8","","7","","24.1","","99.23","","33","","","","NA"
"-79.63","43.68","TORONTO INTL A","6158731","2024-08-02 01:00","2024","08","02","01:00","","25.0","","22.9","","88","","","","12","","5","","24.1","","99.20","","35","","","","Mostly Cloudy"
"-79.63","43.68","TORONTO INTL A","6158731","2024-08-02 02:00","2024","08","02","02:00","","24.2","","24.2","","100","","","","10","","5","","24.1","","99.15","","36","","","","NA"
"-79.63","43.68","TORONTO INTL A","6158731","2024-08-02 03:00","2024","08","02","03:00","","24.1","","24.1","","100","","","","9","","4","","24.1","","99.12","","35","","","","NA"
"-79.63","43.68","TORONTO INTL A","6158731","2024-08-02 04:00","2024","08","02","04:00","","24.3","","24.3","","100","","","","7","","3","","24.1","","99.14","","36","","","","Mostly Cloudy"
"-79.63","43.68","TORONTO INTL A","6158731","2024-08-02 05:00","2024","08","02","05:00","","24.1","","24.1","","100","","","","11","","5","","19.3","","99.13","","35","","","","NA"
"-79.63","43.68","TORONTO INTL A","6158731","2024-08-02 06:00","2024","08","02","06:00","","24.0","","24.0","","100","","","","10","","8","","12.9","","99.11","","35","","","","NA"
"-79.63","43.68","TORONTO INTL A","6158731","2024-08-02 07:00","2024","08","02","07:00","","24.5","","24.5","","100","","","","10","","7","","12.9","","99.11","","36","","","","Cloudy"
"-79.63","43.68","TORONTO INTL A","6158731","2024-08-02 08:00","2024","08","02","08:00","","25.1","","25.1","","100","","","","12","","7","","12.9","","99.12","","38","","","","NA"
"-79.63","43.68","TORONTO INTL A","6158731","2024-08-02 09:00","2024","08","02","09:00","","25.4","","25.4","","100","","","","13","","9","","12.9","","99.13","","38","","","","NA"
"-79.63","43.68","TORONTO INTL A","6158731","2024-08-02 10:00","2024","08","02","10:00","","25.3","","25.3","","100","","","","14","","10","","12.9","","99.19","","38","","","","Cloudy"
"-79.63","43.68","TORONTO INTL A","6158731","2024-08-02 11:00","2024","08","02","11:00","","25.6","","25.2","","98","","","","16","","15","","12.9","","99.17","","38","","","","NA"
"-79.63","43.68","TORONTO INTL A","6158731","2024-08-02 12:00","2024","08","02","12:00","","26.3","","22.7","","80","","","","17","","11","","19.3","","99.18","","36","","","","NA"
"-79.63","43.68","TORONTO INTL A","6158731","2024-08-02 13:00","2024","08","02","13:00","","27.6","","20.8","","66","","","","15","","13","","24.1","","99.12","","36","","","","Mostly Cloudy"
"-79.63","43.68","TORONTO INTL A","6158731","2024-08-02 14:00","2024","08","02","14:00","","27.2","","20.9","","68","","","","17","","12","","24.1","","99.08","","36","","","","NA"
"-79.63","43.68","TORONTO INTL A","6158731","2024-08-02 15:00","2024","08","02","15:00","","27.4","","21.2","","68","","","","15","","14","","24.1","","99.08","","36","","","","NA"
"-79.63","43.68","TORONTO INTL A","6158731","2024-08-02 16:00","2024","08","02","16:00","","27.4","","20.3","","65","","","","20","","6","","24.1","","99.01","","35","","","","Mostly Cloudy"
"-79.63","43.68","TORONTO INTL A","6158731","2024-08-02 17:00","2024","08","02","17:00","","28.2","","18.5","","55","","","","19","","14","","24.1","","98.96","","35","","","","NA"
"-79.63","43.68","TORONTO INTL A","6158731","2024-08-02 18:00","2024","08","02","18:00","","27.3","","18.9","","60","","","","20","","9","","24.1","","98.94","","34","","","","NA"
"-79.63","43.68","TORONTO INTL A","6158731","2024-08-02 19:00","2024","08","02","19:00","","25.8","","20.3","","71","","","","18","","10","","24.1","","98.97","","34","","","","Mostly Cloudy"
"-79.63","43.68","TORONTO INTL A","6158731","2024-08-02 20:00","2024","08","02","20:00","","25.9","","19.5","","68","","","","20","","10","","24.1","","99.03","","33","","","","NA"
"-79.63","43.68","TORONTO INTL A","6158731","2024-08-02 21:00","2024","08","02","21:00","","23.6","","19.8","","78","","","","24","","12","","24.1","","99.05","","31","","","","NA"
"-79.63","43.68","TORONTO INTL A","6158731","2024-08-02 22:00","2024","08","02","22:00","","24.2","","21.5","","85","","","","23","","11","","24.1","","99.06","","33","","","","Mostly Cloudy"
"-79.63","43.68","TORONTO INTL A","6158731","2024-08-02 23:00","2024","08","02","23:00","","24.5","","21.6","","84","","","","23","","11","","24.1","","99.06","","33","","","","NA"
"-79.63","43.68","TORONTO INTL A","6158731","2024-08-03 00:00","2024","08","03","00:00","","23.6","","22.4","","93","","","","24","","10","","24.1","","99.04","","33","","","","NA"
"-79.63","43.68","TORONTO INTL A","6158731","2024-08-03 01:00","2024","08","03","01:00","","22.9","","22.9","","100","","","","26","","10","","24.1","","99.02","","33","","","","Mostly Cloudy"
"-79.63","43.68","TORONTO INTL A","6158731","2024-08-03 02:00","2024","08","03","02:00","","23.4","","22.4","","94","","","","27","","15","","24.1","","98.99","","33","","","","NA"
"-79.63","43.68","TORONTO INTL A","6158731","2024-08-03 03:00","2024","08","03","03:00","","22.7","","22.6","","99","","","","28","","13","","24.1","","98.97","","33","","","","NA"
"-79.63","43.68","TORONTO INTL A","6158731","2024-08-03 04:00","2024","08","03","04:00","","23.6","","21.6","","89","","","","30","","16","","24.1","","98.96","","33","","","","Mostly Cloudy"
"-79.63","43.68","TORONTO INTL A","6158731","2024-08-03 05:00","2024","08","03","05:00","","23.2","","21.5","","90","","","","32","","14","","24.1","","98.98","","32","","","","NA"
"-79.63","43.68","TORONTO INTL A","6158731","2024-08-03 06:00","2024","08","03","06:00","","23.6","","21.5","","88","","","","34","","13","","24.1","","99.00","","32","","","","NA"
"-79.63","43.68","TORONTO INTL A","6158731","2024-08-03 07:00","2024","08","03","07:00","","23.8","","21.7","","88","","","","34","","9","","24.1","","99.03","","33","","","","Cloudy"
"-79.63","43.68","TORONTO INTL A","6158731","2024-08-03 08:00","2024","08","03","08:00","","24.6","","20.9","","80","","","","21","","4","","24.1","","99.04","","33","","","","NA"
"-79.63","43.68","TORONTO INTL A","6158731","2024-08-03 09:00","2024","08","03","09:00","","26.1","","21.3","","75","","","","26","","4","","24.1","","99.01","","35","","","","NA"
"-79.63","43.68","TORONTO INTL A","6158731","2024-08-03 10:00","2024","08","03","10:00","","26.7","","21.3","","72","","","","19","","5","","24.1","","99.03","","35","","","","Mostly Cloudy"
"-79.63","43.68","TORONTO INTL A","6158731","2024-08-03 11:00","2024","08","03","11:00","","27.0","","21.0","","69","","","","20","","10","","24.1","","99.03","","35","","","","NA"
"-79.63","43.68","TORONTO INTL A","6158731","2024-08-03 12:00","2024","08","03","12:00","","27.2","","21.3","","70","","","","16","","9","","24.1","","99.01","","36","","","","NA"
"-79.63","43.68","TORONTO INTL A","6158731","2024-08-03 13:00","2024","08","03","13:00","","27.7","","21.2","","67","","","","23","","14","","24.1","","98.98","","36","","","","Cloudy"
"-79.63","43.68","TORONTO INTL A","6158731","2024-08-03 14:00","2024","08","03","14:00","","27.8","","20.8","","65","","","","24","","16","","24.1","","98.98","","36","","","","NA"
"-79.63","43.68","TORONTO INTL A","6158731","2024-08-03 15:00","2024","08","03","15:00","","29.4","","21.6","","62","","","","25","","10","","24.1","","98.93","","38","","","","NA"
"-79.63","43.68","TORONTO INTL A","6158731","2024-08-03 16:00","2024","08","03","16:00","","29.0","","21.6","","63","","","","23","","15","","24.1","","98.89","","38","","","","Mostly Cloudy"
"-79.63","43.68","TORONTO INTL A","6158731","2024-08-03 17:00","2024","08","03","17:00","","29.9","","18.1","","49","","","","30","","17","","24.1","","98.86","","36","","","","NA"
"-79.63","43.68","TORONTO INTL A","6158731","2024-08-03 18:00","2024","08","03","18:00","","29.6","","18.6","","51","","","","31","","21","","24.1","","98.88","","36","","","","NA"
"-79.63","43.68","TORONTO INTL A","6158731","2024-08-03 19:00","2024","08","03","19:00","","28.4","","15.3","","44","","","","29","","21","","24.1","","98.89","","33","","","","Mainly Clear"
"-79.63","43.68","TORONTO INTL A","6158731","2024-08-03 20:00","2024","08","03","20:00","","27.2","","16.3","","51","","","","30","","14","","24.1","","98.96","","32","","","","NA"
"-79.63","43.68","TORONTO INTL A","6158731","2024-08-03 21:00","2024","08","03","21:00","","26.4","","18.3","","60","","","","34","","20","","24.1","","99.05","","33","","","","NA"
"-79.63","43.68","TORONTO INTL A","6158731","2024-08-03 22:00","2024","08","03","22:00","","25.1","","18.9","","68","","","","35","","17","","24.1","","99.07","","32","","","","Clear"
"-79.63","43.68","TORONTO INTL A","6158731","2024-08-03 23:00","2024","08","03","23:00","","23.6","","18.7","","74","","","","31","","14","","24.1","","99.06","","30","","","","NA"
"-79.63","43.68","TORONTO INTL A","6158731","2024-08-04 00:00","2024","08","04","00:00","","22.6","","18.0","","75","","","","30","","10","","24.1","","99.08","","29","","","","NA"
"-79.63","43.68","TORONTO INTL A","6158731","2024-08-04 01:00","2024","08","04","01:00","","21.1","","19.0","","88","","","","28","","7","","24.1","","99.07","","28","","","","Clear"
"-79.63","43.68","TORONTO INTL A","6158731","2024-08-04 02:00","2024","08","04","02:00","","20.4","","18.5","","89","","","","28","","9","","24.1","","99.08","","27","","","","NA"
"-79.63","43.68","TORONTO INTL A","6158731","2024-08-04 03:00","2024","08","04","03:00","","19.7","","17.2","","85","","","","28","","11","","24.1","","99.12","","","","","","NA"
"-79.63","43.68","TORONTO INTL A","6158731","2024-08-04 04:00","2024","08","04","04:00","","19.2","","17.0","","87","","","","28","","8","","24.1","","99.11","","","","","","Clear"
"-79.63","43.68","TORONTO INTL A","6158731","2024-08-04 05:00","2024","08","04","05:00","","19.3","","16.5","","84","","","","27","","7","","24.1","","99.15","","","","","","NA"
"-79.63","43.68","TORONTO INTL A","6158731","2024-08-04 06:00","2024","08","04","06:00","","20.2","","16.8","","81","","","","28","","10","","24.1","","99.19","","25","","","","NA"
"-79.63","43.68","TORONTO INTL A","6158731","2024-08-04 07:00","2024","08","04","07:00","","22.8","","16.7","","68","","","","31","","9","","24.1","","99.23","","28","","","","Clear"
"-79.63","43.68","TORONTO INTL A","6158731","2024-08-04 08:00","2024","08","04","08:00","","24.9","","15.6","","55","","","","34","","14","","24.1","","99.26","","29","","","","NA"
"-79.63","43.68","TORONTO INTL A","6158731","2024-08-04 09:00","2024","08","04","09:00","","26.8","","13.3","","43","","","","33","","22","","24.1","","99.27","","30","","","","NA"
"-79.63","43.68","TORONTO INTL A","6158731","2024-08-04 10:00","2024","08","04","10:00","","28.2","","14.1","","41","","","","33","","22","","24.1","","99.31","","32","","","","Mostly Cloudy"
"-79.63","43.68","TORONTO INTL A","6158731","2024-08-04 11:00","2024","08","04","11:00","","26.8","","14.4","","46","","","","34","","20","","24.1","","99.35","","30","","","","NA"
"-79.63","43.68","TORONTO INTL A","6158731","2024-08-04 12:00","2024","08","04","12:00","","26.0","","14.3","","48","","","","30","","21","","24.1","","99.42","","30","","","","Rain"
"-79.63","43.68","TORONTO INTL A","6158731","2024-08-04 13:00","2024","08","04","13:00","","25.2","","15.3","","54","","","","30","","16","","24.1","","99.41","","29","","","","Mostly Cloudy"
"-79.63","43.68","TORONTO INTL A","6158731","2024-08-04 14:00","2024","08","04","14:00","","27.4","","17.4","","54","","","","27","","16","","24.1","","99.37","","33","","","","NA"
"-79.63","43.68","TORONTO INTL A","6158731","2024-08-04 15:00","2024","08","04","15:00","","27.6","","17.8","","55","","","","27","","17","","24.1","","99.38","","33","","","","NA"
"-79.63","43.68","TORONTO INTL A","6158731","2024-08-04 16:00","2024","08","04","16:00","","28.7","","19.4","","57","","","","26","","17","","24.1","","99.35","","36","","","","Clear"
"-79.63","43.68","TORONTO INTL A","6158731","2024-08-04 17:00","2024","08","04","17:00","","29.2","","17.0","","47","","","","30","","26","","24.1","","99.35","","34","","","","NA"
"-79.63","43.68","TORONTO INTL A","6158731","2024-08-04 18:00","2024","08","04","18:00","","28.1","","17.0","","50","","","","28","","21","","24.1","","99.36","","33","","","","NA"
"-79.63","43.68","TORONTO INTL A","6158731","2024-08-04 19:00","2024","08","04","19:00","","26.8","","17.1","","55","","","","27","","21","","24.1","","99.40","","32","","","","Clear"
"-79.63","43.68","TORONTO INTL A","6158731","2024-08-04 20:00","2024","08","04","20:00","","25.7","","16.6","","57","","","","29","","14","","24.1","","99.46","","31","","","","NA"
"-79.63","43.68","TORONTO INTL A","6158731","2024-08-04 21:00","2024","08","04","21:00","","25.2","","17.0","","60","","","","1","","13","","24.1","","99.53","","30","","","","NA"
"-79.63","43.68","TORONTO INTL A","6158731","2024-08-04 22:00","2024","08","04","22:00","","23.8","","16.4","","63","","","","3","","5","","24.1","","99.55","","29","","","","Mainly Clear"
"-79.63","43.68","TORONTO INTL A","6158731","2024-08-04 23:00","2024","08","04","23:00","","23.6","","15.7","","61","","","","5","","5","","24.1","","99.55","","28","","","","NA"
"-79.63","43.68","TORONTO INTL A","6158731","2024-08-05 00:00","2024","08","05","00:00","","23.1","","15.6","","62","","","","5","","6","","24.1","","99.55","","27","","","","NA"
"-79.63","43.68","TORONTO INTL A","6158731","2024-08-05 01:00","2024","08","05","01:00","","22.9","","15.8","","64","","","","","","0","","24.1","","99.54","","27","","","","Mostly Cloudy"
"-79.63","43.68","TORONTO INTL A","6158731","2024-08-05 02:00","2024","08","05","02:00","","22.9","","16.0","","65","","","","11","","3","","24.1","","99.51","","28","","","","NA"
"-79.63","43.68","TORONTO INTL A","6158731","2024-08-05 03:00","2024","08","05","03:00","","22.2","","17.1","","73","","","","24","","4","","24.1","","99.47","","28","","","","NA"
"-79.63","43.68","TORONTO INTL A","6158731","2024-08-05 04:00","2024","08","05","04:00","","21.7","","17.9","","78","","","","21","","5","","24.1","","99.40","","28","","","","Mostly Cloudy"
"-79.63","43.68","TORONTO INTL A","6158731","2024-08-05 05:00","2024","08","05","05:00","","22.1","","17.7","","75","","","","2","","3","","24.1","","99.39","","28","","","","NA"
"-79.63","43.68","TORONTO INTL A","6158731","2024-08-05 06:00","2024","08","05","06:00","","21.3","","19.8","","91","","","","2","","18","","24.1","","99.48","","29","","","","NA"
"-79.63","43.68","TORONTO INTL A","6158731","2024-08-05 07:00","2024","08","05","07:00","","19.3","","19.3","","100","","","","4","","17","","16.1","","99.51","","","","","","Mostly Cloudy"
"-79.63","43.68","TORONTO INTL A","6158731","2024-08-05 08:00","2024","08","05","08:00","","20.0","","20.0","","100","","","","5","","8","","24.1","","99.53","","28","","","","NA"
"-79.63","43.68","TORONTO INTL A","6158731","2024-08-05 09:00","2024","08","05","09:00","","21.1","","21.1","","100","","","","9","","4","","24.1","","99.50","","30","","","","NA"
"-79.63","43.68","TORONTO INTL A","6158731","2024-08-05 10:00","2024","08","05","10:00","","22.2","","20.2","","88","","","","17","","7","","24.1","","99.45","","30","","","","Mostly Cloudy"
"-79.63","43.68","TORONTO INTL A","6158731","2024-08-05 11:00","2024","08","05","11:00","","22.7","","21.1","","91","","","","14","","9","","24.1","","99.51","","31","","","","NA"
"-79.63","43.68","TORONTO INTL A","6158731","2024-08-05 12:00","2024","08","05","12:00","","24.2","","20.8","","81","","","","21","","4","","24.1","","99.46","","32","","","","NA"
"-79.63","43.68","TORONTO INTL A","6158731","2024-08-05 13:00","2024","08","05","13:00","","26.0","","20.5","","71","","","","21","","4","","19.3","","99.33","","34","","","","Mostly Cloudy"
"-79.63","43.68","TORONTO INTL A","6158731","2024-08-05 14:00","2024","08","05","14:00","","26.3","","21.3","","74","","","","15","","18","","24.1","","99.29","","35","","","","NA"
"-79.63","43.68","TORONTO INTL A","6158731","2024-08-05 15:00","2024","08","05","15:00","","23.5","","21.8","","90","","","","9","","9","","16.1","","99.29","","33","","","","NA"
"-79.63","43.68","TORONTO INTL A","6158731","2024-08-05 16:00","2024","08","05","16:00","","24.2","","21.8","","86","","","","15","","16","","16.1","","99.25","","33","","","","Cloudy"
"-79.63","43.68","TORONTO INTL A","6158731","2024-08-05 17:00","2024","08","05","17:00","","22.9","","22.9","","100","","","","10","","4","","16.1","","99.31","","33","","","","NA"
"-79.63","43.68","TORONTO INTL A","6158731","2024-08-05 18:00","2024","08","05","18:00","","22.9","","22.9","","100","","","","4","","8","","9.7","","99.31","","33","","","","Fog"
"-79.63","43.68","TORONTO INTL A","6158731","2024-08-05 19:00","2024","08","05","19:00","","23.2","","20.0","","82","","","","36","","15","","24.1","","99.37","","31","","","","Cloudy"
"-79.63","43.68","TORONTO INTL A","6158731","2024-08-05 20:00","2024","08","05","20:00","","22.9","","19.3","","80","","","","1","","17","","19.3","","99.41","","30","","","","NA"
"-79.63","43.68","TORONTO INTL A","6158731","2024-08-05 21:00","2024","08","05","21:00","","22.7","","18.9","","79","","","","36","","16","","24.1","","99.45","","29","","","","NA"
"-79.63","43.68","TORONTO INTL A","6158731","2024-08-05 22:00","2024","08","05","22:00","","21.9","","19.1","","83","","","","1","","16","","24.1","","99.49","","29","","","","Mostly Cloudy"
"-79.63","43.68","TORONTO INTL A","6158731","2024-08-05 23:00","2024","08","05","23:00","","21.4","","19.2","","88","","","","36","","14","","24.1","","99.50","","28","","","","NA"
"-79.63","43.68","TORONTO INTL A","6158731","2024-08-06 00:00","2024","08","06","00:00","","21.0","","19.4","","91","","","","33","","15","","24.1","","99.50","","28","","","","NA"
"-79.63","43.68","TORONTO INTL A","6158731","2024-08-06 01:00","2024","08","06","01:00","","20.3","","17.9","","86","","","","35","","14","","24.1","","99.43","","26","","","","Mostly Cloudy"
"-79.63","43.68","TORONTO INTL A","6158731","2024-08-06 02:00","2024","08","06","02:00","","20.0","","17.9","","88","","","","36","","11","","24.1","","99.45","","26","","","","NA"
"-79.63","43.68","TORONTO INTL A","6158731","2024-08-06 03:00","2024","08","06","03:00","","19.7","","18.6","","93","","","","35","","13","","24.1","","99.49","","","","","","NA"
"-79.63","43.68","TORONTO INTL A","6158731","2024-08-06 04:00","2024","08","06","04:00","","19.4","","19.2","","99","","","","2","","13","","24.1","","99.50","","","","","","Cloudy"
"-79.63","43.68","TORONTO INTL A","6158731","2024-08-06 05:00","2024","08","06","05:00","","19.0","","19.0","","100","","","","3","","12","","24.1","","99.55","","","","","","Rain"
"-79.63","43.68","TORONTO INTL A","6158731","2024-08-06 06:00","2024","08","06","06:00","","18.4","","18.4","","100","","","","3","","13","","24.1","","99.61","","","","","","Rain"
"-79.63","43.68","TORONTO INTL A","6158731","2024-08-06 07:00","2024","08","06","07:00","","18.5","","18.0","","96","","","","6","","8","","24.1","","99.64","","","","","","Cloudy"
"-79.63","43.68","TORONTO INTL A","6158731","2024-08-06 08:00","2024","08","06","08:00","","18.2","","16.2","","88","","","","6","","10","","19.3","","99.69","","","","","","Rain"
"-79.63","43.68","TORONTO INTL A","6158731","2024-08-06 09:00","2024","08","06","09:00","","17.9","","16.4","","91","","","","6","","8","","24.1","","99.70","","","","","","Rain"
"-79.63","43.68","TORONTO INTL A","6158731","2024-08-06 10:00","2024","08","06","10:00","","18.2","","17.7","","96","","","","4","","15","","24.1","","99.66","","","","","","Rain"
"-79.63","43.68","TORONTO INTL A","6158731","2024-08-06 11:00","2024","08","06","11:00","","18.8","","17.8","","94","","","","9","","9","","19.3","","99.70","","","","","","Rain"
"-79.63","43.68","TORONTO INTL A","6158731","2024-08-06 12:00","2024","08","06","12:00","","19.4","","18.8","","96","","","","6","","13","","24.1","","99.64","","","","","","Rain"
"-79.63","43.68","TORONTO INTL A","6158731","2024-08-06 13:00","2024","08","06","13:00","","19.8","","17.3","","86","","","","7","","12","","24.1","","99.60","","","","","","Rain"
"-79.63","43.68","TORONTO INTL A","6158731","2024-08-06 14:00","2024","08","06","14:00","","20.1","","16.6","","80","","","","6","","12","","24.1","","99.63","","25","","","","NA"
"-79.63","43.68","TORONTO INTL A","6158731","2024-08-06 15:00","2024","08","06","15:00","","20.1","","15.8","","76","","","","5","","9","","24.1","","99.57","","25","","","","NA"
"-79.63","43.68","TORONTO INTL A","6158731","2024-08-06 16:00","2024","08","06","16:00","","20.1","","15.0","","72","","","","5","","16","","24.1","","99.53","","","","","","Mostly Cloudy"
"-79.63","43.68","TORONTO INTL A","6158731","2024-08-06 17:00","2024","08","06","17:00","","20.2","","14.9","","71","","","","6","","12","","24.1","","99.57","","","","","","NA"
"-79.63","43.68","TORONTO INTL A","6158731","2024-08-06 18:00","2024","08","06","18:00","","21.1","","14.7","","66","","","","7","","7","","24.1","","99.59","","25","","","","NA"
"-79.63","43.68","TORONTO INTL A","6158731","2024-08-06 19:00","2024","08","06","19:00","","20.1","","14.0","","67","","","","4","","13","","24.1","","99.52","","","","","","Mainly Clear"
"-79.63","43.68","TORONTO INTL A","6158731","2024-08-06 20:00","2024","08","06","20:00","","18.6","","14.3","","76","","","","4","","12","","24.1","","99.53","","","","","","NA"
"-79.63","43.68","TORONTO INTL A","6158731","2024-08-06 21:00","2024","08","06","21:00","","18.0","","14.4","","79","","","","5","","8","","24.1","","99.56","","","","","","NA"
"-79.63","43.68","TORONTO INTL A","6158731","2024-08-06 22:00","2024","08","06","22:00","","17.7","","15.1","","85","","","","3","","10","","24.1","","99.59","","","","","","Clear"
"-79.63","43.68","TORONTO INTL A","6158731","2024-08-06 23:00","2024","08","06","23:00","","16.8","","15.3","","91","","","","3","","10","","24.1","","99.61","","","","","","NA"
"-79.63","43.68","TORONTO INTL A","6158731","2024-08-07 00:00","2024","08","07","00:00","","16.0","","13.8","","87","","","","2","","12","","24.1","","99.63","","","","","","NA"
"-79.63","43.68","TORONTO INTL A","6158731","2024-08-07 01:00","2024","08","07","01:00","","15.6","","13.1","","85","","","","3","","10","","24.1","","99.59","","","","","","Clear"
"-79.63","43.68","TORONTO INTL A","6158731","2024-08-07 02:00","2024","08","07","02:00","","14.9","","12.0","","83","","","","2","","12","","24.1","","99.58","","","","","","NA"
"-79.63","43.68","TORONTO INTL A","6158731","2024-08-07 03:00","2024","08","07","03:00","","14.6","","12.4","","87","","","","2","","12","","24.1","","99.57","","","","","","NA"
"-79.63","43.68","TORONTO INTL A","6158731","2024-08-07 04:00","2024","08","07","04:00","","14.1","","11.9","","87","","","","2","","12","","24.1","","99.59","","","","","","Clear"
"-79.63","43.68","TORONTO INTL A","6158731","2024-08-07 05:00","2024","08","07","05:00","","14.2","","11.7","","85","","","","35","","15","","24.1","","99.63","","","","","","NA"
"-79.63","43.68","TORONTO INTL A","6158731","2024-08-07 06:00","2024","08","07","06:00","","15.1","","12.1","","82","","","","3","","16","","24.1","","99.66","","","","","","NA"
"-79.63","43.68","TORONTO INTL A","6158731","2024-08-07 07:00","2024","08","07","07:00","","17.5","","12.8","","74","","","","2","","10","","24.1","","99.69","","","","","","Clear"
"-79.63","43.68","TORONTO INTL A","6158731","2024-08-07 08:00","2024","08","07","08:00","","20.1","","11.7","","58","","","","5","","17","","24.1","","99.73","","","","","","NA"
"-79.63","43.68","TORONTO INTL A","6158731","2024-08-07 09:00","2024","08","07","09:00","","21.6","","13.0","","58","","","","6","","15","","24.1","","99.71","","","","","","NA"
"-79.63","43.68","TORONTO INTL A","6158731","2024-08-07 10:00","2024","08","07","10:00","","22.6","","11.0","","48","","","","9","","21","","24.1","","99.72","","","","","","Clear"
"-79.63","43.68","TORONTO INTL A","6158731","2024-08-07 11:00","2024","08","07","11:00","","23.3","","10.6","","44","","","","8","","17","","24.1","","99.69","","25","","","","NA"
"-79.63","43.68","TORONTO INTL A","6158731","2024-08-07 12:00","2024","08","07","12:00","","23.2","","11.0","","46","","","","8","","9","","24.1","","99.65","","25","","","","NA"
"-79.63","43.68","TORONTO INTL A","6158731","2024-08-07 13:00","2024","08","07","13:00","","23.8","","10.6","","43","","","","8","","21","","24.1","","99.65","","25","","","","Clear"
"-79.63","43.68","TORONTO INTL A","6158731","2024-08-07 14:00","2024","08","07","14:00","","23.9","","11.4","","45","","","","10","","17","","24.1","","99.61","","26","","","","NA"
"-79.63","43.68","TORONTO INTL A","6158731","2024-08-07 15:00","2024","08","07","15:00","","23.9","","12.3","","48","","","","8","","20","","24.1","","99.59","","26","","","","NA"
"-79.63","43.68","TORONTO INTL A","6158731","2024-08-07 16:00","2024","08","07","16:00","","24.1","","12.5","","48","","","","9","","13","","24.1","","99.56","","27","","","","Clear"
"-79.63","43.68","TORONTO INTL A","6158731","2024-08-07 17:00","2024","08","07","17:00","","23.9","","12.9","","50","","","","9","","17","","24.1","","99.53","","27","","","","NA"
"-79.63","43.68","TORONTO INTL A","6158731","2024-08-07 18:00","2024","08","07","18:00","","23.2","","13.5","","54","","","","13","","9","","24.1","","99.53","","26","","","","NA"
"-79.63","43.68","TORONTO INTL A","6158731","2024-08-07 19:00","2024","08","07","19:00","","22.1","","13.7","","59","","","","10","","13","","24.1","","99.54","","25","","","","Mostly Cloudy"
"-79.63","43.68","TORONTO INTL A","6158731","2024-08-07 20:00","2024","08","07","20:00","","21.0","","13.6","","62","","","","10","","7","","24.1","","99.54","","","","","","NA"
"-79.63","43.68","TORONTO INTL A","6158731","2024-08-07 21:00","2024","08","07","21:00","","20.6","","13.8","","65","","","","9","","7","","24.1","","99.55","","","","","","NA"
"-79.63","43.68","TORONTO INTL A","6158731","2024-08-07 22:00","2024","08","07","22:00","","20.1","","14.0","","68","","","","7","","10","","24.1","","99.52","","","","","","Mainly Clear"
"-79.63","43.68","TORONTO INTL A","6158731","2024-08-07 23:00","2024","08","07","23:00","","19.8","","14.0","","69","","","","8","","7","","24.1","","99.53","","","","","","NA"
"-79.63","43.68","TORONTO INTL A","6158731","2024-08-08 00:00","2024","08","08","00:00","","19.6","","14.0","","70","","","","4","","8","","24.1","","99.52","","","","","","NA"
"-79.63","43.68","TORONTO INTL A","6158731","2024-08-08 01:00","2024","08","08","01:00","","18.2","","15.0","","81","","","","4","","10","","24.1","","99.45","","","","","","Mainly Clear"
"-79.63","43.68","TORONTO INTL A","6158731","2024-08-08 02:00","2024","08","08","02:00","","19.0","","15.9","","82","","","","6","","12","","24.1","","99.44","","","","","","NA"
"-79.63","43.68","TORONTO INTL A","6158731","2024-08-08 03:00","2024","08","08","03:00","","18.6","","16.3","","87","","","","5","","11","","24.1","","99.41","","","","","","NA"
"-79.63","43.68","TORONTO INTL A","6158731","2024-08-08 04:00","2024","08","08","04:00","","18.3","","16.5","","89","","","","4","","10","","24.1","","99.40","","","","","","Mainly Clear"
"-79.63","43.68","TORONTO INTL A","6158731","2024-08-08 05:00","2024","08","08","05:00","","18.6","","16.8","","90","","","","9","","13","","24.1","","99.35","","","","","","NA"
"-79.63","43.68","TORONTO INTL A","6158731","2024-08-08 06:00","2024","08","08","06:00","","19.1","","17.7","","92","","","","8","","13","","24.1","","99.36","","","","","","NA"
"-79.63","43.68","TORONTO INTL A","6158731","2024-08-08 07:00","2024","08","08","07:00","","20.3","","19.1","","93","","","","6","","14","","24.1","","99.39","","27","","","","Mostly Cloudy"
"-79.63","43.68","TORONTO INTL A","6158731","2024-08-08 08:00","2024","08","08","08:00","","21.2","","20.8","","97","","","","4","","13","","24.1","","99.35","","29","","","","NA"
"-79.63","43.68","TORONTO INTL A","6158731","2024-08-08 09:00","2024","08","08","09:00","","21.5","","20.8","","95","","","","11","","17","","24.1","","99.35","","30","","","","NA"
"-79.63","43.68","TORONTO INTL A","6158731","2024-08-08 10:00","2024","08","08","10:00","","22.5","","20.4","","88","","","","9","","16","","24.1","","99.31","","30","","","","Cloudy"
"-79.63","43.68","TORONTO INTL A","6158731","2024-08-08 11:00","2024","08","08","11:00","","22.9","","20.1","","84","","","","10","","11","","24.1","","99.29","","31","","","","NA"
"-79.63","43.68","TORONTO INTL A","6158731","2024-08-08 12:00","2024","08","08","12:00","","23.1","","20.3","","84","","","","13","","9","","24.1","","99.26","","31","","","","NA"
"-79.63","43.68","TORONTO INTL A","6158731","2024-08-08 13:00","2024","08","08","13:00","","23.2","","19.9","","81","","","","10","","15","","24.1","","99.27","","31","","","","Cloudy"
"-79.63","43.68","TORONTO INTL A","6158731","2024-08-08 14:00","2024","08","08","14:00","","23.5","","20.0","","81","","","","11","","9","","24.1","","99.23","","31","","","","NA"
"-79.63","43.68","TORONTO INTL A","6158731","2024-08-08 15:00","2024","08","08","15:00","","24.8","","20.1","","75","","","","14","","11","","24.1","","99.20","","32","","","","NA"
"-79.63","43.68","TORONTO INTL A","6158731","2024-08-08 16:00","2024","08","08","16:00","","24.3","","20.9","","81","","","","10","","9","","24.1","","99.18","","33","","","","Cloudy"
"-79.63","43.68","TORONTO INTL A","6158731","2024-08-08 17:00","2024","08","08","17:00","","24.3","","20.6","","80","","","","10","","9","","24.1","","99.16","","32","","","","NA"
"-79.63","43.68","TORONTO INTL A","6158731","2024-08-08 18:00","2024","08","08","18:00","","24.1","","22.0","","88","","","","10","","8","","24.1","","99.16","","33","","","","NA"
"-79.63","43.68","TORONTO INTL A","6158731","2024-08-08 19:00","2024","08","08","19:00","","23.3","","22.0","","92","","","","10","","9","","24.1","","99.16","","33","","","","Mostly Cloudy"
"-79.63","43.68","TORONTO INTL A","6158731","2024-08-08 20:00","2024","08","08","20:00","","23.2","","22.7","","97","","","","10","","6","","24.1","","99.14","","33","","","","NA"
"-79.63","43.68","TORONTO INTL A","6158731","2024-08-08 21:00","2024","08","08","21:00","","22.7","","22.7","","100","","","","10","","5","","24.1","","99.15","","33","","","","NA"
"-79.63","43.68","TORONTO INTL A","6158731","2024-08-08 22:00","2024","08","08","22:00","","22.6","","22.6","","100","","","","4","","4","","24.1","","99.12","","32","","","","Mostly Cloudy"
"-79.63","43.68","TORONTO INTL A","6158731","2024-08-08 23:00","2024","08","08","23:00","","22.3","","22.3","","100","","","","6","","5","","24.1","","99.09","","32","","","","NA"
"-79.63","43.68","TORONTO INTL A","6158731","2024-08-09 00:00","2024","08","09","00:00","","22.6","","22.6","","100","","","","11","","8","","24.1","","99.06","","32","","","","NA"
"-79.63","43.68","TORONTO INTL A","6158731","2024-08-09 01:00","2024","08","09","01:00","","22.7","","22.7","","100","","","","13","","6","","24.1","","99.00","","33","","","","Mostly Cloudy"
"-79.63","43.68","TORONTO INTL A","6158731","2024-08-09 02:00","2024","08","09","02:00","","22.9","","22.9","","100","","","","14","","7","","24.1","","98.96","","33","","","","NA"
"-79.63","43.68","TORONTO INTL A","6158731","2024-08-09 03:00","2024","08","09","03:00","","22.9","","22.9","","100","","","","12","","8","","24.1","","98.91","","33","","","","NA"
"-79.63","43.68","TORONTO INTL A","6158731","2024-08-09 04:00","2024","08","09","04:00","","22.5","","22.5","","100","","","","16","","6","","19.3","","98.87","","32","","","","Rain Showers"
"-79.63","43.68","TORONTO INTL A","6158731","2024-08-09 05:00","2024","08","09","05:00","","22.1","","22.1","","100","","","","12","","9","","24.1","","98.82","","32","","","","NA"
"-79.63","43.68","TORONTO INTL A","6158731","2024-08-09 06:00","2024","08","09","06:00","","22.2","","22.2","","100","","","","16","","8","","16.1","","98.82","","32","","","","NA"
"-79.63","43.68","TORONTO INTL A","6158731","2024-08-09 07:00","2024","08","09","07:00","","22.3","","22.3","","100","","","","11","","9","","16.1","","98.79","","32","","","","Cloudy"
"-79.63","43.68","TORONTO INTL A","6158731","2024-08-09 08:00","2024","08","09","08:00","","22.6","","22.6","","100","","","","14","","6","","16.1","","98.74","","32","","","","NA"
"-79.63","43.68","TORONTO INTL A","6158731","2024-08-09 09:00","2024","08","09","09:00","","21.8","","21.8","","100","","","","34","","21","","6.4","","98.71","","31","","","","Rain"
"-79.63","43.68","TORONTO INTL A","6158731","2024-08-09 10:00","2024","08","09","10:00","","21.4","","21.4","","100","","","","1","","20","","8.1","","98.66","","30","","","","Moderate Rain,Fog"
"-79.63","43.68","TORONTO INTL A","6158731","2024-08-09 11:00","2024","08","09","11:00","","22.7","","22.7","","100","","","","36","","19","","16.1","","98.59","","33","","","","NA"
"-79.63","43.68","TORONTO INTL A","6158731","2024-08-09 12:00","2024","08","09","12:00","","23.7","","21.4","","87","","","","35","","21","","24.1","","98.58","","32","","","","NA"
"-79.63","43.68","TORONTO INTL A","6158731","2024-08-09 13:00","2024","08","09","13:00","","26.3","","20.3","","69","","","","33","","21","","24.1","","98.57","","34","","","","Mostly Cloudy"
"-79.63","43.68","TORONTO INTL A","6158731","2024-08-09 14:00","2024","08","09","14:00","","27.3","","16.0","","50","","","","34","","27","","24.1","","98.56","","32","","","","NA"
"-79.63","43.68","TORONTO INTL A","6158731","2024-08-09 15:00","2024","08","09","15:00","","27.3","","18.1","","57","","","","32","","27","","24.1","","98.56","","33","","","","NA"
"-79.63","43.68","TORONTO INTL A","6158731","2024-08-09 16:00","2024","08","09","16:00","","27.4","","19.4","","61","","","","34","","22","","24.1","","98.59","","34","","","","Mostly Cloudy"
"-79.63","43.68","TORONTO INTL A","6158731","2024-08-09 17:00","2024","08","09","17:00","","26.3","","16.5","","54","","","","28","","34","","24.1","","98.68","","31","","","","NA"
"-79.63","43.68","TORONTO INTL A","6158731","2024-08-09 18:00","2024","08","09","18:00","","25.1","","14.8","","52","","","","29","","26","","24.1","","98.78","","29","","","","NA"
"-79.63","43.68","TORONTO INTL A","6158731","2024-08-09 19:00","2024","08","09","19:00","","22.9","","13.5","","55","","","","30","","33","","24.1","","98.91","","26","","","","Mainly Clear"
"-79.63","43.68","TORONTO INTL A","6158731","2024-08-09 20:00","2024","08","09","20:00","","21.4","","12.8","","58","","","","30","","21","","24.1","","99.02","","","","","","NA"
"-79.63","43.68","TORONTO INTL A","6158731","2024-08-09 21:00","2024","08","09","21:00","","20.1","","12.3","","60","","","","29","","15","","24.1","","99.07","","","","","","NA"
"-79.63","43.68","TORONTO INTL A","6158731","2024-08-09 22:00","2024","08","09","22:00","","17.1","","12.6","","75","","","","27","","9","","24.1","","99.09","","","","","","Clear"
"-79.63","43.68","TORONTO INTL A","6158731","2024-08-09 23:00","2024","08","09","23:00","","17.7","","12.9","","73","","","","23","","10","","24.1","","99.11","","","","","","NA"
"-79.63","43.68","TORONTO INTL A","6158731","2024-08-10 00:00","2024","08","10","00:00","","16.0","","13.7","","86","","","","25","","11","","24.1","","99.13","","","","","","NA"
"-79.63","43.68","TORONTO INTL A","6158731","2024-08-10 01:00","2024","08","10","01:00","","15.4","","14.1","","92","","","","26","","10","","24.1","","99.12","","","","","","Mainly Clear"
"-79.63","43.68","TORONTO INTL A","6158731","2024-08-10 02:00","2024","08","10","02:00","","16.1","","15.6","","97","","","","25","","18","","24.1","","99.16","","","","","","NA"
"-79.63","43.68","TORONTO INTL A","6158731","2024-08-10 03:00","2024","08","10","03:00","","16.3","","15.5","","95","","","","28","","18","","24.1","","99.17","","","","","","NA"
"-79.63","43.68","TORONTO INTL A","6158731","2024-08-10 04:00","2024","08","10","04:00","","15.7","","14.8","","94","","","","27","","16","","24.1","","99.17","","","","","","Mainly Clear"
"-79.63","43.68","TORONTO INTL A","6158731","2024-08-10 05:00","2024","08","10","05:00","","14.8","","14.8","","100","","","","26","","13","","24.1","","99.17","","","","","","NA"
"-79.63","43.68","TORONTO INTL A","6158731","2024-08-10 06:00","2024","08","10","06:00","","15.3","","15.2","","100","","","","26","","13","","24.1","","99.23","","","","","","NA"
"-79.63","43.68","TORONTO INTL A","6158731","2024-08-10 07:00","2024","08","10","07:00","","17.4","","14.9","","85","","","","26","","20","","24.1","","99.27","","","","","","Mainly Clear"
"-79.63","43.68","TORONTO INTL A","6158731","2024-08-10 08:00","2024","08","10","08:00","","19.0","","14.8","","77","","","","25","","25","","24.1","","99.30","","","","","","NA"
"-79.63","43.68","TORONTO INTL A","6158731","2024-08-10 09:00","2024","08","10","09:00","","19.8","","13.9","","68","","","","26","","28","","24.1","","99.32","","","","","","NA"
"-79.63","43.68","TORONTO INTL A","6158731","2024-08-10 10:00","2024","08","10","10:00","","21.7","","13.4","","59","","","","25","","26","","24.1","","99.34","","25","","","","Mostly Cloudy"
"-79.63","43.68","TORONTO INTL A","6158731","2024-08-10 11:00","2024","08","10","11:00","","22.7","","13.7","","56","","","","25","","19","","24.1","","99.34","","26","","","","NA"
"-79.63","43.68","TORONTO INTL A","6158731","2024-08-10 12:00","2024","08","10","12:00","","22.8","","13.1","","54","","","","26","","33","","24.1","","99.32","","26","","","","NA"
"-79.63","43.68","TORONTO INTL A","6158731","2024-08-10 13:00","2024","08","10","13:00","","22.7","","12.0","","50","","","","25","","31","","24.1","","99.30","","25","","","","Mostly Cloudy"
"-79.63","43.68","TORONTO INTL A","6158731","2024-08-10 14:00","2024","08","10","14:00","","23.5","","10.0","","42","","","","26","","32","","24.1","","99.29","","25","","","","NA"
"-79.63","43.68","TORONTO INTL A","6158731","2024-08-10 15:00","2024","08","10","15:00","","22.7","","11.6","","49","","","","26","","31","","24.1","","99.31","","25","","","","NA"
"-79.63","43.68","TORONTO INTL A","6158731","2024-08-10 16:00","2024","08","10","16:00","","21.2","","11.3","","53","","","","26","","23","","24.1","","99.34","","","","","","Mostly Cloudy"
"-79.63","43.68","TORONTO INTL A","6158731","2024-08-10 17:00","2024","08","10","17:00","","20.4","","11.3","","56","","","","25","","31","","24.1","","99.37","","","","","","NA"
"-79.63","43.68","TORONTO INTL A","6158731","2024-08-10 18:00","2024","08","10","18:00","","20.1","","11.5","","57","","","","26","","19","","24.1","","99.36","","","","","","NA"
"-79.63","43.68","TORONTO INTL A","6158731","2024-08-10 19:00","2024","08","10","19:00","","19.8","","11.4","","58","","","","26","","20","","24.1","","99.37","","","","","","Mostly Cloudy"
"-79.63","43.68","TORONTO INTL A","6158731","2024-08-10 20:00","2024","08","10","20:00","","19.1","","12.0","","63","","","","25","","13","","24.1","","99.38","","","","","","NA"
"-79.63","43.68","TORONTO INTL A","6158731","2024-08-10 21:00","2024","08","10","21:00","","18.5","","12.4","","67","","","","25","","14","","24.1","","99.40","","","","","","NA"
"-79.63","43.68","TORONTO INTL A","6158731","2024-08-10 22:00","2024","08","10","22:00","","18.2","","12.8","","71","","","","26","","16","","24.1","","99.41","","","","","","Mostly Cloudy"
"-79.63","43.68","TORONTO INTL A","6158731","2024-08-10 23:00","2024","08","10","23:00","","18.6","","12.9","","69","","","","24","","13","","24.1","","99.42","","","","","","NA"
"-79.63","43.68","TORONTO INTL A","6158731","2024-08-11 00:00","2024","08","11","00:00","","17.9","","13.2","","74","","","","24","","17","","24.1","","99.43","","","","","","NA"
"-79.63","43.68","TORONTO INTL A","6158731","2024-08-11 01:00","2024","08","11","01:00","","16.5","","13.5","","82","","","","25","","14","","24.1","","99.39","","","","","","Mainly Clear"
"-79.63","43.68","TORONTO INTL A","6158731","2024-08-11 02:00","2024","08","11","02:00","","15.7","","13.6","","87","","","","24","","20","","24.1","","99.36","","","","","","NA"
"-79.63","43.68","TORONTO INTL A","6158731","2024-08-11 03:00","2024","08","11","03:00","","15.0","","13.1","","89","","","","25","","21","","24.1","","99.34","","","","","","NA"
"-79.63","43.68","TORONTO INTL A","6158731","2024-08-11 04:00","2024","08","11","04:00","","15.4","","13.0","","85","","","","25","","23","","24.1","","99.35","","","","","","Mostly Cloudy"
"-79.63","43.68","TORONTO INTL A","6158731","2024-08-11 05:00","2024","08","11","05:00","","15.2","","14.5","","95","","","","24","","19","","24.1","","99.35","","","","","","NA"
"-79.63","43.68","TORONTO INTL A","6158731","2024-08-11 06:00","2024","08","11","06:00","","15.6","","13.7","","89","","","","24","","17","","24.1","","99.35","","","","","","NA"
"-79.63","43.68","TORONTO INTL A","6158731","2024-08-11 07:00","2024","08","11","07:00","","16.7","","14.5","","87","","","","26","","18","","24.1","","99.35","","","","","","Mainly Clear"
"-79.63","43.68","TORONTO INTL A","6158731","2024-08-11 08:00","2024","08","11","08:00","","18.8","","14.5","","76","","","","25","","33","","24.1","","99.36","","","","","","NA"
"-79.63","43.68","TORONTO INTL A","6158731","2024-08-11 09:00","2024","08","11","09:00","","19.1","","13.2","","68","","","","28","","32","","24.1","","99.35","","","","","","NA"
"-79.63","43.68","TORONTO INTL A","6158731","2024-08-11 10:00","2024","08","11","10:00","","16.1","","15.7","","97","","","","25","","16","","19.3","","99.40","","","","","","Rain"
"-79.63","43.68","TORONTO INTL A","6158731","2024-08-11 11:00","2024","08","11","11:00","","18.5","","15.0","","80","","","","27","","26","","24.1","","99.38","","","","","","NA"
"-79.63","43.68","TORONTO INTL A","6158731","2024-08-11 12:00","2024","08","11","12:00","","17.1","","12.8","","76","","","","30","","34","","24.1","","99.37","","","","","","Rain Showers"
"-79.63","43.68","TORONTO INTL A","6158731","2024-08-11 13:00","2024","08","11","13:00","","18.6","","13.1","","70","","","","29","","27","","24.1","","99.33","","","","","","Mostly Cloudy"
"-79.63","43.68","TORONTO INTL A","6158731","2024-08-11 14:00","2024","08","11","14:00","","19.8","","12.6","","63","","","","27","","35","","24.1","","99.32","","","","","","NA"
"-79.63","43.68","TORONTO INTL A","6158731","2024-08-11 15:00","2024","08","11","15:00","","21.5","","11.2","","51","","","","27","","31","","24.1","","99.30","","","","","","NA"
"-79.63","43.68","TORONTO INTL A","6158731","2024-08-11 16:00","2024","08","11","16:00","","21.2","","11.3","","53","","","","27","","33","","24.1","","99.32","","","","","","Mostly Cloudy"
"-79.63","43.68","TORONTO INTL A","6158731","2024-08-11 17:00","2024","08","11","17:00","","20.7","","10.1","","50","","","","28","","44","","24.1","","99.34","","","","","","NA"
"-79.63","43.68","TORONTO INTL A","6158731","2024-08-11 18:00","2024","08","11","18:00","","19.9","","11.0","","56","","","","27","","33","","24.1","","99.33","","","","","","NA"
"-79.63","43.68","TORONTO INTL A","6158731","2024-08-11 19:00","2024","08","11","19:00","","19.2","","11.5","","61","","","","28","","23","","24.1","","99.36","","","","","","Mainly Clear"
"-79.63","43.68","TORONTO INTL A","6158731","2024-08-11 20:00","2024","08","11","20:00","","17.9","","11.9","","68","","","","27","","13","","24.1","","99.39","","","","","","NA"
"-79.63","43.68","TORONTO INTL A","6158731","2024-08-11 21:00","2024","08","11","21:00","","15.8","","12.2","","79","","","","27","","8","","24.1","","99.41","","","","","","NA"
"-79.63","43.68","TORONTO INTL A","6158731","2024-08-11 22:00","2024","08","11","22:00","","17.1","","12.8","","75","","","","27","","9","","24.1","","99.40","","","","","","Mostly Cloudy"
"-79.63","43.68","TORONTO INTL A","6158731","2024-08-11 23:00","2024","08","11","23:00","","17.2","","13.4","","78","","","","27","","14","","24.1","","99.40","","","","","","NA"
"-79.63","43.68","TORONTO INTL A","6158731","2024-08-12 00:00","2024","08","12","00:00","","16.4","","13.9","","85","","","","28","","11","","24.1","","99.42","","","","","","NA"
"-79.63","43.68","TORONTO INTL A","6158731","2024-08-12 01:00","2024","08","12","01:00","","14.5","","14.2","","98","","","","25","","10","","24.1","","99.39","","","","","","Mainly Clear"
"-79.63","43.68","TORONTO INTL A","6158731","2024-08-12 02:00","2024","08","12","02:00","","14.8","","14.8","","100","","","","27","","11","","24.1","","99.42","","","","","","NA"
"-79.63","43.68","TORONTO INTL A","6158731","2024-08-12 03:00","2024","08","12","03:00","","14.5","","14.5","","100","","","","25","","15","","24.1","","99.45","","","","","","NA"
"-79.63","43.68","TORONTO INTL A","6158731","2024-08-12 04:00","2024","08","12","04:00","","14.2","","14.2","","100","","","","26","","17","","24.1","","99.44","","","","","","Mostly Cloudy"
"-79.63","43.68","TORONTO INTL A","6158731","2024-08-12 05:00","2024","08","12","05:00","","13.8","","13.5","","98","","","","27","","12","","24.1","","99.46","","","","","","NA"
"-79.63","43.68","TORONTO INTL A","6158731","2024-08-12 06:00","2024","08","12","06:00","","14.9","","13.3","","90","","","","28","","14","","24.1","","99.49","","","","","","NA"
"-79.63","43.68","TORONTO INTL A","6158731","2024-08-12 07:00","2024","08","12","07:00","","16.5","","13.4","","82","","","","30","","16","","24.1","","99.53","","","","","","Mostly Cloudy"
"-79.63","43.68","TORONTO INTL A","6158731","2024-08-12 08:00","2024","08","12","08:00","","17.5","","13.8","","79","","","","30","","19","","24.1","","99.57","","","","","","NA"
"-79.63","43.68","TORONTO INTL A","6158731","2024-08-12 09:00","2024","08","12","09:00","","18.9","","15.3","","79","","","","25","","12","","24.1","","99.57","","","","","","NA"
"-79.63","43.68","TORONTO INTL A","6158731","2024-08-12 10:00","2024","08","12","10:00","","19.6","","15.4","","76","","","","27","","13","","24.1","","99.60","","","","","","Mostly Cloudy"
"-79.63","43.68","TORONTO INTL A","6158731","2024-08-12 11:00","2024","08","12","11:00","","21.0","","15.2","","69","","","","26","","17","","24.1","","99.59","","25","","","","NA"
"-79.63","43.68","TORONTO INTL A","6158731","2024-08-12 12:00","2024","08","12","12:00","","22.6","","14.1","","58","","","","30","","26","","24.1","","99.59","","26","","","","NA"
"-79.63","43.68","TORONTO INTL A","6158731","2024-08-12 13:00","2024","08","12","13:00","","24.1","","13.7","","52","","","","32","","18","","24.1","","99.57","","27","","","","Mostly Cloudy"
"-79.63","43.68","TORONTO INTL A","6158731","2024-08-12 14:00","2024","08","12","14:00","","21.1","","15.8","","71","","","","3","","13","","24.1","","99.59","","26","","","","NA"
"-79.63","43.68","TORONTO INTL A","6158731","2024-08-12 15:00","2024","08","12","15:00","","23.1","","14.9","","59","","","","34","","14","","24.1","","99.57","","27","","","","NA"
"-79.63","43.68","TORONTO INTL A","6158731","2024-08-12 16:00","2024","08","12","16:00","","23.4","","14.4","","57","","","","34","","20","","24.1","","99.56","","27","","","","Mostly Cloudy"
"-79.63","43.68","TORONTO INTL A","6158731","2024-08-12 17:00","2024","08","12","17:00","","23.5","","14.9","","58","","","","35","","21","","24.1","","99.57","","27","","","","NA"
"-79.63","43.68","TORONTO INTL A","6158731","2024-08-12 18:00","2024","08","12","18:00","","22.7","","14.4","","59","","","","35","","18","","24.1","","99.57","","26","","","","NA"
"-79.63","43.68","TORONTO INTL A","6158731","2024-08-12 19:00","2024","08","12","19:00","","21.2","","12.7","","58","","","","2","","18","","24.1","","99.60","","","","","","Mainly Clear"
"-79.63","43.68","TORONTO INTL A","6158731","2024-08-12 20:00","2024","08","12","20:00","","20.3","","12.6","","61","","","","36","","10","","24.1","","99.65","","","","","","NA"
"-79.63","43.68","TORONTO INTL A","6158731","2024-08-12 21:00","2024","08","12","21:00","","19.4","","13.4","","68","","","","35","","12","","24.1","","99.69","","","","","","NA"
"-79.63","43.68","TORONTO INTL A","6158731","2024-08-12 22:00","2024","08","12","22:00","","18.8","","14.1","","74","","","","30","","12","","24.1","","99.73","","","","","","Clear"
"-79.63","43.68","TORONTO INTL A","6158731","2024-08-12 23:00","2024","08","12","23:00","","17.3","","14.3","","82","","","","29","","9","","24.1","","99.75","","","","","","NA"
"-79.63","43.68","TORONTO INTL A","6158731","2024-08-13 00:00","2024","08","13","00:00","","17.9","","15.2","","84","","","","31","","14","","24.1","","99.76","","","","","","NA"
"-79.63","43.68","TORONTO INTL A","6158731","2024-08-13 01:00","2024","08","13","01:00","","17.2","","15.0","","87","","","","32","","16","","24.1","","99.76","","","","","","Mainly Clear"
"-79.63","43.68","TORONTO INTL A","6158731","2024-08-13 02:00","2024","08","13","02:00","","16.7","","15.2","","91","","","","34","","10","","24.1","","99.77","","","","","","NA"
"-79.63","43.68","TORONTO INTL A","6158731","2024-08-13 03:00","2024","08","13","03:00","","15.4","","15.2","","98","","","","2","","8","","24.1","","99.78","","","","","","NA"
"-79.63","43.68","TORONTO INTL A","6158731","2024-08-13 04:00","2024","08","13","04:00","","15.2","","15.0","","98","","","","33","","9","","24.1","","99.80","","","","","","Clear"
"-79.63","43.68","TORONTO INTL A","6158731","2024-08-13 05:00","2024","08","13","05:00","","15.1","","14.6","","96","","","","30","","8","","24.1","","99.87","","","","","","NA"
"-79.63","43.68","TORONTO INTL A","6158731","2024-08-13 06:00","2024","08","13","06:00","","16.1","","14.0","","88","","","","32","","7","","24.1","","99.91","","","","","","NA"
"-79.63","43.68","TORONTO INTL A","6158731","2024-08-13 07:00","2024","08","13","07:00","","18.1","","13.6","","75","","","","34","","12","","24.1","","99.91","","","","","","Mainly Clear"
"-79.63","43.68","TORONTO INTL A","6158731","2024-08-13 08:00","2024","08","13","08:00","","20.1","","14.0","","68","","","","31","","9","","24.1","","99.93","","","","","","NA"
"-79.63","43.68","TORONTO INTL A","6158731","2024-08-13 09:00","2024","08","13","09:00","","22.3","","14.8","","62","","","","34","","9","","24.1","","99.93","","26","","","","NA"
"-79.63","43.68","TORONTO INTL A","6158731","2024-08-13 10:00","2024","08","13","10:00","","23.4","","15.7","","61","","","","33","","9","","24.1","","99.93","","28","","","","Mainly Clear"
"-79.63","43.68","TORONTO INTL A","6158731","2024-08-13 11:00","2024","08","13","11:00","","24.5","","14.0","","51","","","","36","","9","","24.1","","99.91","","28","","","","NA"
"-79.63","43.68","TORONTO INTL A","6158731","2024-08-13 12:00","2024","08","13","12:00","","25.1","","13.0","","46","","","","31","","9","","24.1","","99.88","","28","","","","NA"
"-79.63","43.68","TORONTO INTL A","6158731","2024-08-13 13:00","2024","08","13","13:00","","26.0","","12.9","","44","","","","35","","17","","24.1","","99.86","","29","","","","Mostly Cloudy"
"-79.63","43.68","TORONTO INTL A","6158731","2024-08-13 14:00","2024","08","13","14:00","","25.3","","12.9","","45","","","","33","","15","","24.1","","99.83","","28","","","","NA"
"-79.63","43.68","TORONTO INTL A","6158731","2024-08-13 15:00","2024","08","13","15:00","","26.0","","13.1","","44","","","","32","","7","","24.1","","99.80","","29","","","","NA"
"-79.63","43.68","TORONTO INTL A","6158731","2024-08-13 16:00","2024","08","13","16:00","","25.2","","13.8","","49","","","","1","","10","","24.1","","99.78","","28","","","","Mostly Cloudy"
"-79.63","43.68","TORONTO INTL A","6158731","2024-08-13 17:00","2024","08","13","17:00","","25.5","","14.0","","48","","","","34","","14","","24.1","","99.77","","29","","","","NA"
"-79.63","43.68","TORONTO INTL A","6158731","2024-08-13 18:00","2024","08","13","18:00","","24.3","","13.7","","51","","","","3","","10","","24.1","","99.78","","27","","","","NA"
"-79.63","43.68","TORONTO INTL A","6158731","2024-08-13 19:00","2024","08","13","19:00","","23.5","","13.3","","52","","","","2","","14","","24.1","","99.82","","26","","","","Mostly Cloudy"
"-79.63","43.68","TORONTO INTL A","6158731","2024-08-13 20:00","2024","08","13","20:00","","22.6","","13.9","","57","","","","1","","15","","24.1","","99.88","","26","","","","NA"
"-79.63","43.68","TORONTO INTL A","6158731","2024-08-13 21:00","2024","08","13","21:00","","21.3","","13.7","","61","","","","1","","12","","24.1","","99.90","","","","","","NA"
"-79.63","43.68","TORONTO INTL A","6158731","2024-08-13 22:00","2024","08","13","22:00","","20.7","","13.9","","65","","","","36","","15","","24.1","","99.88","","","","","","Mainly Clear"
"-79.63","43.68","TORONTO INTL A","6158731","2024-08-13 23:00","2024","08","13","23:00","","19.9","","15.3","","75","","","","35","","14","","24.1","","99.91","","","","","","NA"
"-79.63","43.68","TORONTO INTL A","6158731","2024-08-14 00:00","2024","08","14","00:00","","19.0","","16.2","","83","","","","35","","8","","24.1","","99.93","","","","","","NA"
"-79.63","43.68","TORONTO INTL A","6158731","2024-08-14 01:00","2024","08","14","01:00","","18.9","","17.1","","89","","","","33","","12","","24.1","","99.95","","","","","","Clear"
"-79.63","43.68","TORONTO INTL A","6158731","2024-08-14 02:00","2024","08","14","02:00","","17.9","","17.3","","96","","","","33","","11","","24.1","","99.96","","","","","","NA"
"-79.63","43.68","TORONTO INTL A","6158731","2024-08-14 03:00","2024","08","14","03:00","","17.7","","15.5","","87","","","","34","","12","","24.1","","99.96","","","","","","NA"
"-79.63","43.68","TORONTO INTL A","6158731","2024-08-14 04:00","2024","08","14","04:00","","15.8","","15.5","","98","","","","32","","7","","24.1","","99.98","","","","","","Clear"
"-79.63","43.68","TORONTO INTL A","6158731","2024-08-14 05:00","2024","08","14","05:00","","16.3","","15.2","","93","","","","","","0","","24.1","","99.99","","","","","","NA"
"-79.63","43.68","TORONTO INTL A","6158731","2024-08-14 06:00","2024","08","14","06:00","","16.5","","12.5","","77","","","","33","","4","","24.1","","100.03","","","","","","NA"
"-79.63","43.68","TORONTO INTL A","6158731","2024-08-14 07:00","2024","08","14","07:00","","18.0","","12.6","","71","","","","1","","8","","24.1","","100.07","","","","","","Mainly Clear"
"-79.63","43.68","TORONTO INTL A","6158731","2024-08-14 08:00","2024","08","14","08:00","","20.3","","13.1","","63","","","","35","","10","","24.1","","100.10","","","","","","NA"
"-79.63","43.68","TORONTO INTL A","6158731","2024-08-14 09:00","2024","08","14","09:00","","22.9","","14.5","","59","","","","34","","7","","24.1","","100.10","","27","","","","NA"
"-79.63","43.68","TORONTO INTL A","6158731","2024-08-14 10:00","2024","08","14","10:00","","24.6","","13.3","","49","","","","31","","10","","24.1","","100.13","","28","","","","Clear"
"-79.63","43.68","TORONTO INTL A","6158731","2024-08-14 11:00","2024","08","14","11:00","","25.3","","12.5","","44","","","","34","","6","","24.1","","100.12","","28","","","","NA"
"-79.63","43.68","TORONTO INTL A","6158731","2024-08-14 12:00","2024","08","14","12:00","","26.2","","12.8","","43","","","","27","","3","","24.1","","100.09","","29","","","","NA"
"-79.63","43.68","TORONTO INTL A","6158731","2024-08-14 13:00","2024","08","14","13:00","","26.9","","12.4","","40","","","","28","","7","","24.1","","100.02","","29","","","","Clear"
"-79.63","43.68","TORONTO INTL A","6158731","2024-08-14 14:00","2024","08","14","14:00","","27.6","","11.4","","36","","","","","","0","","24.1","","99.98","","30","","","","NA"
"-79.63","43.68","TORONTO INTL A","6158731","2024-08-14 15:00","2024","08","14","15:00","","27.0","","13.7","","43","","","","14","","17","","24.1","","99.93","","30","","","","NA"
"-79.63","43.68","TORONTO INTL A","6158731","2024-08-14 16:00","2024","08","14","16:00","","27.3","","13.4","","42","","","","14","","10","","24.1","","99.90","","30","","","","Clear"
"-79.63","43.68","TORONTO INTL A","6158731","2024-08-14 17:00","2024","08","14","17:00","","26.6","","14.2","","46","","","","15","","14","","24.1","","99.87","","30","","","","NA"
"-79.63","43.68","TORONTO INTL A","6158731","2024-08-14 18:00","2024","08","14","18:00","","25.6","","13.9","","48","","","","13","","10","","24.1","","99.87","","29","","","","NA"
"-79.63","43.68","TORONTO INTL A","6158731","2024-08-14 19:00","2024","08","14","19:00","","24.6","","14.9","","54","","","","11","","6","","24.1","","99.90","","29","","","","Clear"
"-79.63","43.68","TORONTO INTL A","6158731","2024-08-14 20:00","2024","08","14","20:00","","24.3","","14.9","","55","","","","14","","4","","24.1","","99.93","","28","","","","NA"
"-79.63","43.68","TORONTO INTL A","6158731","2024-08-14 21:00","2024","08","14","21:00","","23.6","","14.8","","57","","","","11","","5","","24.1","","99.94","","27","","","","NA"
"-79.63","43.68","TORONTO INTL A","6158731","2024-08-14 22:00","2024","08","14","22:00","","21.7","","13.4","","59","","","","35","","14","","24.1","","99.95","","25","","","","Clear"
"-79.63","43.68","TORONTO INTL A","6158731","2024-08-14 23:00","2024","08","14","23:00","","20.7","","14.8","","69","","","","35","","14","","24.1","","99.94","","25","","","","NA"
"-79.63","43.68","TORONTO INTL A","6158731","2024-08-15 00:00","2024","08","15","00:00","","19.6","","15.2","","76","","","","36","","14","","24.1","","99.91","","","","","","NA"
"-79.63","43.68","TORONTO INTL A","6158731","2024-08-15 01:00","2024","08","15","01:00","","19.1","","16.2","","83","","","","36","","14","","24.1","","99.89","","","","","","Clear"
"-79.63","43.68","TORONTO INTL A","6158731","2024-08-15 02:00","2024","08","15","02:00","","18.6","","16.5","","88","","","","32","","13","","24.1","","99.88","","","","","","NA"
"-79.63","43.68","TORONTO INTL A","6158731","2024-08-15 03:00","2024","08","15","03:00","","18.1","","17.1","","94","","","","34","","9","","24.1","","99.89","","","","","","NA"
"-79.63","43.68","TORONTO INTL A","6158731","2024-08-15 04:00","2024","08","15","04:00","","17.9","","17.8","","99","","","","35","","7","","24.1","","99.89","","","","","","Clear"
"-79.63","43.68","TORONTO INTL A","6158731","2024-08-15 05:00","2024","08","15","05:00","","17.2","","17.1","","99","","","","32","","11","","24.1","","99.91","","","","","","NA"
"-79.63","43.68","TORONTO INTL A","6158731","2024-08-15 06:00","2024","08","15","06:00","","18.4","","17.3","","93","","","","34","","8","","24.1","","99.95","","","","","","NA"
"-79.63","43.68","TORONTO INTL A","6158731","2024-08-15 07:00","2024","08","15","07:00","","19.4","","16.8","","85","","","","31","","8","","24.1","","100.00","","","","","","Clear"
"-79.63","43.68","TORONTO INTL A","6158731","2024-08-15 08:00","2024","08","15","08:00","","21.8","","16.6","","72","","","","28","","4","","24.1","","100.02","","27","","","","NA"
"-79.63","43.68","TORONTO INTL A","6158731","2024-08-15 09:00","2024","08","15","09:00","","24.2","","16.9","","63","","","","","","0","","24.1","","99.99","","29","","","","NA"
"-79.63","43.68","TORONTO INTL A","6158731","2024-08-15 10:00","2024","08","15","10:00","","26.1","","14.1","","47","","","","8","","3","","24.1","","99.94","","30","","","","Clear"
"-79.63","43.68","TORONTO INTL A","6158731","2024-08-15 11:00","2024","08","15","11:00","","26.5","","13.9","","45","","","","17","","11","","24.1","","99.92","","30","","","","NA"
"-79.63","43.68","TORONTO INTL A","6158731","2024-08-15 12:00","2024","08","15","12:00","","27.2","","15.7","","49","","","","14","","14","","24.1","","99.86","","32","","","","NA"
"-79.63","43.68","TORONTO INTL A","6158731","2024-08-15 13:00","2024","08","15","13:00","","27.7","","13.9","","42","","","","16","","14","","24.1","","99.83","","31","","","","Mainly Clear"
"-79.63","43.68","TORONTO INTL A","6158731","2024-08-15 14:00","2024","08","15","14:00","","27.4","","13.5","","42","","","","13","","13","","24.1","","99.78","","30","","","","NA"
"-79.63","43.68","TORONTO INTL A","6158731","2024-08-15 15:00","2024","08","15","15:00","","27.4","","10.8","","35","","","","15","","16","","24.1","","99.75","","29","","","","NA"
"-79.63","43.68","TORONTO INTL A","6158731","2024-08-15 16:00","2024","08","15","16:00","","27.7","","13.9","","42","","","","15","","13","","24.1","","99.69","","31","","","","Clear"
"-79.63","43.68","TORONTO INTL A","6158731","2024-08-15 17:00","2024","08","15","17:00","","27.4","","13.5","","42","","","","16","","14","","24.1","","99.66","","30","","","","NA"
"-79.63","43.68","TORONTO INTL A","6158731","2024-08-15 18:00","2024","08","15","18:00","","26.6","","14.3","","46","","","","18","","9","","24.1","","99.65","","30","","","","NA"
"-79.63","43.68","TORONTO INTL A","6158731","2024-08-15 19:00","2024","08","15","19:00","","25.0","","14.9","","53","","","","15","","11","","24.1","","99.64","","29","","","","Mainly Clear"
"-79.63","43.68","TORONTO INTL A","6158731","2024-08-15 20:00","2024","08","15","20:00","","23.5","","16.7","","65","","","","15","","6","","24.1","","99.67","","29","","","","NA"
"-79.63","43.68","TORONTO INTL A","6158731","2024-08-15 21:00","2024","08","15","21:00","","22.7","","17.1","","70","","","","17","","9","","24.1","","99.70","","28","","","","NA"
"-79.63","43.68","TORONTO INTL A","6158731","2024-08-15 22:00","2024","08","15","22:00","","22.1","","17.1","","73","","","","19","","6","","24.1","","99.69","","27","","","","Mainly Clear"
"-79.63","43.68","TORONTO INTL A","6158731","2024-08-15 23:00","2024","08","15","23:00","","21.6","","17.4","","76","","","","15","","7","","24.1","","99.68","","27","","","","NA"
"-79.63","43.68","TORONTO INTL A","6158731","2024-08-16 00:00","2024","08","16","00:00","","21.3","","17.6","","79","","","","15","","8","","24.1","","99.67","","27","","","","NA"
"-79.63","43.68","TORONTO INTL A","6158731","2024-08-16 01:00","2024","08","16","01:00","","21.3","","18.0","","81","","","","14","","7","","24.1","","99.61","","27","","","","Mostly Cloudy"
"-79.63","43.68","TORONTO INTL A","6158731","2024-08-16 02:00","2024","08","16","02:00","","20.9","","18.5","","86","","","","14","","5","","24.1","","99.57","","27","","","","NA"
"-79.63","43.68","TORONTO INTL A","6158731","2024-08-16 03:00","2024","08","16","03:00","","20.5","","18.5","","88","","","","2","","5","","24.1","","99.55","","27","","","","NA"
"-79.63","43.68","TORONTO INTL A","6158731","2024-08-16 04:00","2024","08","16","04:00","","19.1","","17.5","","90","","","","1","","7","","24.1","","99.52","","","","","","Mostly Cloudy"
"-79.63","43.68","TORONTO INTL A","6158731","2024-08-16 05:00","2024","08","16","05:00","","18.9","","16.6","","87","","","","3","","6","","24.1","","99.50","","","","","","NA"
"-79.63","43.68","TORONTO INTL A","6158731","2024-08-16 06:00","2024","08","16","06:00","","19.0","","16.5","","85","","","","9","","6","","16.1","","99.50","","","","","","NA"
"-79.63","43.68","TORONTO INTL A","6158731","2024-08-16 07:00","2024","08","16","07:00","","20.3","","18.5","","89","","","","9","","9","","19.3","","99.46","","27","","","","Mostly Cloudy"
"-79.63","43.68","TORONTO INTL A","6158731","2024-08-16 08:00","2024","08","16","08:00","","22.6","","18.8","","79","","","","12","","12","","24.1","","99.47","","29","","","","NA"
"-79.63","43.68","TORONTO INTL A","6158731","2024-08-16 09:00","2024","08","16","09:00","","23.8","","18.9","","73","","","","14","","13","","24.1","","99.47","","30","","","","NA"
"-79.63","43.68","TORONTO INTL A","6158731","2024-08-16 10:00","2024","08","16","10:00","","24.6","","19.1","","71","","","","14","","11","","24.1","","99.44","","31","","","","Mostly Cloudy"
"-79.63","43.68","TORONTO INTL A","6158731","2024-08-16 11:00","2024","08","16","11:00","","24.9","","18.4","","67","","","","14","","16","","24.1","","99.40","","31","","","","NA"
"-79.63","43.68","TORONTO INTL A","6158731","2024-08-16 12:00","2024","08","16","12:00","","25.1","","18.1","","65","","","","14","","14","","19.3","","99.35","","31","","","","NA"
"-79.63","43.68","TORONTO INTL A","6158731","2024-08-16 13:00","2024","08","16","13:00","","25.1","","17.8","","63","","","","14","","15","","19.3","","99.31","","31","","","","Cloudy"
"-79.63","43.68","TORONTO INTL A","6158731","2024-08-16 14:00","2024","08","16","14:00","","25.1","","17.7","","63","","","","13","","16","","24.1","","99.26","","31","","","","NA"
"-79.63","43.68","TORONTO INTL A","6158731","2024-08-16 15:00","2024","08","16","15:00","","24.7","","18.8","","69","","","","12","","12","","24.1","","99.22","","31","","","","NA"
"-79.63","43.68","TORONTO INTL A","6158731","2024-08-16 16:00","2024","08","16","16:00","","23.9","","19.1","","74","","","","9","","9","","24.1","","99.13","","31","","","","Mostly Cloudy"
"-79.63","43.68","TORONTO INTL A","6158731","2024-08-16 17:00","2024","08","16","17:00","","24.9","","19.7","","73","","","","10","","13","","16.1","","99.10","","32","","","","NA"
"-79.63","43.68","TORONTO INTL A","6158731","2024-08-16 18:00","2024","08","16","18:00","","24.4","","18.1","","67","","","","10","","10","","24.1","","99.08","","30","","","","NA"
"-79.63","43.68","TORONTO INTL A","6158731","2024-08-16 19:00","2024","08","16","19:00","","22.5","","20.6","","89","","","","18","","8","","9.7","","99.09","","31","","","","Rain,Fog"
"-79.63","43.68","TORONTO INTL A","6158731","2024-08-16 20:00","2024","08","16","20:00","","21.1","","21.1","","100","","","","14","","12","","9.7","","99.07","","30","","","","Rain,Fog"
"-79.63","43.68","TORONTO INTL A","6158731","2024-08-16 21:00","2024","08","16","21:00","","21.1","","21.1","","100","","","","15","","15","","24.1","","99.04","","30","","","","NA"
"-79.63","43.68","TORONTO INTL A","6158731","2024-08-16 22:00","2024","08","16","22:00","","21.2","","21.2","","100","","","","15","","9","","24.1","","99.01","","30","","","","Cloudy"
"-79.63","43.68","TORONTO INTL A","6158731","2024-08-16 23:00","2024","08","16","23:00","","21.3","","21.3","","100","","","","15","","7","","19.3","","98.95","","30","","","","NA"
"-79.63","43.68","TORONTO INTL A","6158731","2024-08-17 00:00","2024","08","17","00:00","","21.6","","21.6","","100","","","","19","","4","","19.3","","98.92","","31","","","","Rain"
"-79.63","43.68","TORONTO INTL A","6158731","2024-08-17 01:00","2024","08","17","01:00","","21.2","","21.2","","100","","","","15","","4","","19.3","","98.89","","30","","","","Mostly Cloudy"
"-79.63","43.68","TORONTO INTL A","6158731","2024-08-17 02:00","2024","08","17","02:00","","21.1","","21.1","","100","","","","17","","5","","19.3","","98.86","","30","","","","NA"
"-79.63","43.68","TORONTO INTL A","6158731","2024-08-17 03:00","2024","08","17","03:00","","21.3","","21.3","","100","","","","24","","7","","19.3","","98.84","","30","","","","NA"
"-79.63","43.68","TORONTO INTL A","6158731","2024-08-17 04:00","2024","08","17","04:00","","21.2","","21.2","","100","","","","22","","4","","19.3","","98.81","","30","","","","Cloudy"
"-79.63","43.68","TORONTO INTL A","6158731","2024-08-17 05:00","2024","08","17","05:00","","21.6","","21.6","","100","","","","12","","6","","19.3","","98.79","","31","","","","NA"
"-79.63","43.68","TORONTO INTL A","6158731","2024-08-17 06:00","2024","08","17","06:00","","21.6","","21.6","","100","","","","10","","7","","16.1","","98.83","","31","","","","NA"
"-79.63","43.68","TORONTO INTL A","6158731","2024-08-17 07:00","2024","08","17","07:00","","21.9","","21.9","","100","","","","10","","7","","9.7","","98.79","","31","","","","Rain Showers,Fog"
"-79.63","43.68","TORONTO INTL A","6158731","2024-08-17 08:00","2024","08","17","08:00","","22.1","","22.1","","100","","","","13","","7","","16.1","","98.80","","32","","","","NA"
"-79.63","43.68","TORONTO INTL A","6158731","2024-08-17 09:00","2024","08","17","09:00","","23.4","","23.4","","100","","","","14","","8","","19.3","","98.77","","34","","","","NA"
"-79.63","43.68","TORONTO INTL A","6158731","2024-08-17 10:00","2024","08","17","10:00","","24.0","","23.5","","97","","","","14","","13","","24.1","","98.78","","35","","","","Mostly Cloudy"
"-79.63","43.68","TORONTO INTL A","6158731","2024-08-17 11:00","2024","08","17","11:00","","25.2","","23.3","","89","","","","16","","13","","19.3","","98.74","","36","","","","NA"
"-79.63","43.68","TORONTO INTL A","6158731","2024-08-17 12:00","2024","08","17","12:00","","19.3","","19.3","","100","","","","23","","10","","1.6","","98.77","","","","","","Thunderstorms,Heavy Rain Showers"
"-79.63","43.68","TORONTO INTL A","6158731","2024-08-17 13:00","2024","08","17","13:00","","20.6","","20.6","","100","","","","15","","16","","1.2","","98.69","","29","","","","Thunderstorms,Heavy Rain Showers"
"-79.63","43.68","TORONTO INTL A","6158731","2024-08-17 14:00","2024","08","17","14:00","","21.3","","21.3","","100","","","","9","","16","","16.1","","98.64","","30","","","","Rain Showers"
"-79.63","43.68","TORONTO INTL A","6158731","2024-08-17 15:00","2024","08","17","15:00","","21.7","","21.7","","100","","","","9","","14","","6.4","","98.56","","31","","","","Thunderstorms,Moderate Rain Showers,Fog"
"-79.63","43.68","TORONTO INTL A","6158731","2024-08-17 16:00","2024","08","17","16:00","","22.6","","22.6","","100","","","","4","","5","","24.1","","98.57","","32","","","","Mostly Cloudy"
"-79.63","43.68","TORONTO INTL A","6158731","2024-08-17 17:00","2024","08","17","17:00","","23.6","","23.6","","100","","","","8","","14","","24.1","","98.52","","34","","","","NA"
"-79.63","43.68","TORONTO INTL A","6158731","2024-08-17 18:00","2024","08","17","18:00","","24.1","","23.7","","98","","","","13","","16","","24.1","","98.51","","35","","","","NA"
"-79.63","43.68","TORONTO INTL A","6158731","2024-08-17 19:00","2024","08","17","19:00","","23.8","","23.1","","96","","","","16","","15","","24.1","","98.52","","34","","","","Mostly Cloudy"
"-79.63","43.68","TORONTO INTL A","6158731","2024-08-17 20:00","2024","08","17","20:00","","23.4","","22.4","","94","","","","18","","15","","24.1","","98.56","","33","","","","NA"
"-79.63","43.68","TORONTO INTL A","6158731","2024-08-17 21:00","2024","08","17","21:00","","22.9","","22.9","","100","","","","17","","12","","24.1","","98.56","","33","","","","NA"
"-79.63","43.68","TORONTO INTL A","6158731","2024-08-17 22:00","2024","08","17","22:00","","22.7","","21.9","","95","","","","17","","8","","24.1","","98.56","","32","","","","Mostly Cloudy"
"-79.63","43.68","TORONTO INTL A","6158731","2024-08-17 23:00","2024","08","17","23:00","","22.4","","22.4","","100","","","","19","","10","","24.1","","98.52","","32","","","","NA"
"-79.63","43.68","TORONTO INTL A","6158731","2024-08-18 00:00","2024","08","18","00:00","","21.7","","21.7","","100","","","","12","","5","","24.1","","98.49","","31","","","","NA"
"-79.63","43.68","TORONTO INTL A","6158731","2024-08-18 01:00","2024","08","18","01:00","","21.3","","21.3","","100","","","","17","","9","","24.1","","98.52","","30","","","","Mainly Clear"
"-79.63","43.68","TORONTO INTL A","6158731","2024-08-18 02:00","2024","08","18","02:00","","21.6","","21.6","","100","","","","18","","10","","24.1","","98.51","","31","","","","NA"
"-79.63","43.68","TORONTO INTL A","6158731","2024-08-18 03:00","2024","08","18","03:00","","21.3","","21.3","","100","","","","18","","8","","24.1","","98.49","","30","","","","NA"
"-79.63","43.68","TORONTO INTL A","6158731","2024-08-18 04:00","2024","08","18","04:00","","21.2","","21.2","","100","","","","14","","5","","24.1","","98.47","","30","","","","Mostly Cloudy"
"-79.63","43.68","TORONTO INTL A","6158731","2024-08-18 05:00","2024","08","18","05:00","","21.2","","21.2","","100","","","","14","","5","","24.1","","98.47","","30","","","","Rain"
"-79.63","43.68","TORONTO INTL A","6158731","2024-08-18 06:00","2024","08","18","06:00","","21.2","","21.2","","100","","","","14","","5","","24.1","","98.48","","30","","","","NA"
"-79.63","43.68","TORONTO INTL A","6158731","2024-08-18 07:00","2024","08","18","07:00","","21.3","","21.3","","100","","","","19","","8","","24.1","","98.51","","30","","","","Mostly Cloudy"
"-79.63","43.68","TORONTO INTL A","6158731","2024-08-18 08:00","2024","08","18","08:00","","21.9","","21.7","","99","","","","21","","12","","24.1","","98.51","","31","","","","NA"
"-79.63","43.68","TORONTO INTL A","6158731","2024-08-18 09:00","2024","08","18","09:00","","22.6","","20.8","","89","","","","23","","14","","24.1","","98.53","","31","","","","NA"
"-79.63","43.68","TORONTO INTL A","6158731","2024-08-18 10:00","2024","08","18","10:00","","23.4","","21.1","","87","","","","24","","13","","24.1","","98.51","","32","","","","Mostly Cloudy"
"-79.63","43.68","TORONTO INTL A","6158731","2024-08-18 11:00","2024","08","18","11:00","","25.2","","19.8","","72","","","","25","","14","","24.1","","98.47","","33","","","","NA"
"-79.63","43.68","TORONTO INTL A","6158731","2024-08-18 12:00","2024","08","18","12:00","","25.8","","19.3","","67","","","","15","","13","","24.1","","98.45","","33","","","","NA"
"-79.63","43.68","TORONTO INTL A","6158731","2024-08-18 13:00","2024","08","18","13:00","","25.6","","19.8","","70","","","","15","","12","","24.1","","98.41","","33","","","","Mostly Cloudy"
"-79.63","43.68","TORONTO INTL A","6158731","2024-08-18 14:00","2024","08","18","14:00","","22.4","","18.5","","78","","","","33","","24","","19.3","","98.43","","29","","","","Thunderstorms,Rain Showers"
"-79.63","43.68","TORONTO INTL A","6158731","2024-08-18 15:00","2024","08","18","15:00","","19.4","","19.4","","100","","","","30","","8","","8.1","","98.48","","","","","","Thunderstorms,Moderate Rain Showers,Fog"
"-79.63","43.68","TORONTO INTL A","6158731","2024-08-18 16:00","2024","08","18","16:00","","21.1","","21.1","","100","","","","31","","12","","16.1","","98.48","","30","","","","Rain Showers"
"-79.63","43.68","TORONTO INTL A","6158731","2024-08-18 17:00","2024","08","18","17:00","","22.1","","22.1","","100","","","","35","","16","","24.1","","98.46","","32","","","","Rain Showers"
"-79.63","43.68","TORONTO INTL A","6158731","2024-08-18 18:00","2024","08","18","18:00","","21.8","","21.8","","100","","","","35","","26","","24.1","","98.48","","31","","","","NA"
"-79.63","43.68","TORONTO INTL A","6158731","2024-08-18 19:00","2024","08","18","19:00","","21.0","","21.0","","100","","","","35","","20","","24.1","","98.58","","29","","","","Mostly Cloudy"
"-79.63","43.68","TORONTO INTL A","6158731","2024-08-18 20:00","2024","08","18","20:00","","20.9","","20.9","","100","","","","33","","28","","24.1","","98.64","","29","","","","NA"
"-79.63","43.68","TORONTO INTL A","6158731","2024-08-18 21:00","2024","08","18","21:00","","19.5","","19.5","","100","","","","35","","30","","24.1","","98.73","","","","","","Drizzle"
"-79.63","43.68","TORONTO INTL A","6158731","2024-08-18 22:00","2024","08","18","22:00","","18.6","","18.6","","100","","","","35","","30","","24.1","","98.77","","","","","","Cloudy"
"-79.63","43.68","TORONTO INTL A","6158731","2024-08-18 23:00","2024","08","18","23:00","","17.8","","17.5","","98","","","","34","","32","","24.1","","98.80","","","","","","NA"
"-79.63","43.68","TORONTO INTL A","6158731","2024-08-19 00:00","2024","08","19","00:00","","16.8","","16.5","","98","","","","35","","29","","24.1","","98.80","","","","","","NA"
"-79.63","43.68","TORONTO INTL A","6158731","2024-08-19 01:00","2024","08","19","01:00","","16.5","","15.3","","93","","","","34","","30","","24.1","","98.81","","","","","","Mostly Cloudy"
"-79.63","43.68","TORONTO INTL A","6158731","2024-08-19 02:00","2024","08","19","02:00","","16.3","","14.5","","89","","","","34","","33","","24.1","","98.82","","","","","","NA"
"-79.63","43.68","TORONTO INTL A","6158731","2024-08-19 03:00","2024","08","19","03:00","","16.2","","14.2","","88","","","","35","","25","","24.1","","98.82","","","","","","NA"
"-79.63","43.68","TORONTO INTL A","6158731","2024-08-19 04:00","2024","08","19","04:00","","15.8","","14.0","","89","","","","35","","26","","24.1","","98.86","","","","","","Mostly Cloudy"
"-79.63","43.68","TORONTO INTL A","6158731","2024-08-19 05:00","2024","08","19","05:00","","15.4","","13.4","","88","","","","35","","31","","24.1","","98.89","","","","","","NA"
"-79.63","43.68","TORONTO INTL A","6158731","2024-08-19 06:00","2024","08","19","06:00","","14.9","","13.1","","89","","","","36","","31","","24.1","","98.94","","","","","","Rain"
"-79.63","43.68","TORONTO INTL A","6158731","2024-08-19 07:00","2024","08","19","07:00","","14.6","","14.5","","100","","","","35","","27","","24.1","","99.02","","","","","","Rain"
"-79.63","43.68","TORONTO INTL A","6158731","2024-08-19 08:00","2024","08","19","08:00","","14.6","","13.3","","92","","","","36","","30","","24.1","","99.08","","","","","","NA"
"-79.63","43.68","TORONTO INTL A","6158731","2024-08-19 09:00","2024","08","19","09:00","","15.0","","12.3","","83","","","","35","","24","","24.1","","99.15","","","","","","NA"
"-79.63","43.68","TORONTO INTL A","6158731","2024-08-19 10:00","2024","08","19","10:00","","14.9","","12.4","","85","","","","34","","31","","24.1","","99.18","","","","","","Cloudy"
"-79.63","43.68","TORONTO INTL A","6158731","2024-08-19 11:00","2024","08","19","11:00","","15.9","","11.8","","76","","","","36","","31","","24.1","","99.21","","","","","","NA"
"-79.63","43.68","TORONTO INTL A","6158731","2024-08-19 12:00","2024","08","19","12:00","","15.6","","11.7","","77","","","","34","","35","","24.1","","99.24","","","","","","NA"
"-79.63","43.68","TORONTO INTL A","6158731","2024-08-19 13:00","2024","08","19","13:00","","15.6","","11.1","","74","","","","33","","40","","24.1","","99.28","","","","","","Cloudy"
"-79.63","43.68","TORONTO INTL A","6158731","2024-08-19 14:00","2024","08","19","14:00","","16.0","","10.8","","71","","","","34","","30","","24.1","","99.32","","","","","","NA"
"-79.63","43.68","TORONTO INTL A","6158731","2024-08-19 15:00","2024","08","19","15:00","","16.3","","10.5","","68","","","","36","","24","","24.1","","99.32","","","","","","NA"
"-79.63","43.68","TORONTO INTL A","6158731","2024-08-19 16:00","2024","08","19","16:00","","17.5","","10.1","","62","","","","33","","30","","24.1","","99.33","","","","","","Mostly Cloudy"
"-79.63","43.68","TORONTO INTL A","6158731","2024-08-19 17:00","2024","08","19","17:00","","17.2","","9.8","","62","","","","35","","32","","24.1","","99.41","","","","","","NA"
"-79.63","43.68","TORONTO INTL A","6158731","2024-08-19 18:00","2024","08","19","18:00","","16.6","","9.4","","62","","","","34","","29","","24.1","","99.46","","","","","","NA"
"-79.63","43.68","TORONTO INTL A","6158731","2024-08-19 19:00","2024","08","19","19:00","","15.6","","9.4","","67","","","","34","","25","","24.1","","99.53","","","","","","Mainly Clear"
"-79.63","43.68","TORONTO INTL A","6158731","2024-08-19 20:00","2024","08","19","20:00","","14.3","","8.5","","68","","","","36","","22","","24.1","","99.60","","","","","","NA"
"-79.63","43.68","TORONTO INTL A","6158731","2024-08-19 21:00","2024","08","19","21:00","","14.4","","8.2","","66","","","","36","","20","","24.1","","99.68","","","","","","NA"
"-79.63","43.68","TORONTO INTL A","6158731","2024-08-19 22:00","2024","08","19","22:00","","13.4","","7.9","","69","","","","36","","17","","24.1","","99.73","","","","","","Mainly Clear"
"-79.63","43.68","TORONTO INTL A","6158731","2024-08-19 23:00","2024","08","19","23:00","","12.8","","7.5","","70","","","","35","","17","","24.1","","99.75","","","","","","NA"
"-79.63","43.68","TORONTO INTL A","6158731","2024-08-20 00:00","2024","08","20","00:00","","12.3","","7.6","","73","","","","36","","19","","24.1","","99.77","","","","","","NA"
"-79.63","43.68","TORONTO INTL A","6158731","2024-08-20 01:00","2024","08","20","01:00","","11.8","","7.9","","77","","","","36","","16","","24.1","","99.75","","","","","","Mainly Clear"
"-79.63","43.68","TORONTO INTL A","6158731","2024-08-20 02:00","2024","08","20","02:00","","11.9","","7.8","","76","","","","34","","17","","24.1","","99.75","","","","","","NA"
"-79.63","43.68","TORONTO INTL A","6158731","2024-08-20 03:00","2024","08","20","03:00","","12.2","","8.0","","75","","","","33","","17","","24.1","","99.74","","","","","","NA"
"-79.63","43.68","TORONTO INTL A","6158731","2024-08-20 04:00","2024","08","20","04:00","","11.9","","8.3","","78","","","","34","","19","","24.1","","99.78","","","","","","Clear"
"-79.63","43.68","TORONTO INTL A","6158731","2024-08-20 05:00","2024","08","20","05:00","","11.4","","8.6","","83","","","","34","","16","","24.1","","99.80","","","","","","NA"
"-79.63","43.68","TORONTO INTL A","6158731","2024-08-20 06:00","2024","08","20","06:00","","11.7","","8.7","","82","","","","34","","21","","24.1","","99.86","","","","","","NA"
"-79.63","43.68","TORONTO INTL A","6158731","2024-08-20 07:00","2024","08","20","07:00","","12.5","","8.9","","79","","","","34","","25","","24.1","","99.88","","","","","","Clear"
"-79.63","43.68","TORONTO INTL A","6158731","2024-08-20 08:00","2024","08","20","08:00","","13.8","","9.1","","73","","","","34","","23","","24.1","","99.92","","","","","","NA"
"-79.63","43.68","TORONTO INTL A","6158731","2024-08-20 09:00","2024","08","20","09:00","","15.4","","9.9","","69","","","","36","","21","","24.1","","99.92","","","","","","NA"
"-79.63","43.68","TORONTO INTL A","6158731","2024-08-20 10:00","2024","08","20","10:00","","16.9","","8.5","","57","","","","35","","31","","24.1","","99.92","","","","","","Mainly Clear"
"-79.63","43.68","TORONTO INTL A","6158731","2024-08-20 11:00","2024","08","20","11:00","","18.1","","8.3","","52","","","","1","","21","","24.1","","99.92","","","","","","NA"
"-79.63","43.68","TORONTO INTL A","6158731","2024-08-20 12:00","2024","08","20","12:00","","18.4","","7.0","","47","","","","36","","27","","24.1","","99.88","","","","","","NA"
"-79.63","43.68","TORONTO INTL A","6158731","2024-08-20 13:00","2024","08","20","13:00","","19.6","","5.6","","40","","","","1","","26","","24.1","","99.85","","","","","","Mostly Cloudy"
"-79.63","43.68","TORONTO INTL A","6158731","2024-08-20 14:00","2024","08","20","14:00","","19.9","","7.5","","44","","","","33","","31","","24.1","","99.82","","","","","","NA"
"-79.63","43.68","TORONTO INTL A","6158731","2024-08-20 15:00","2024","08","20","15:00","","18.9","","7.6","","47","","","","36","","26","","24.1","","99.81","","","","","","NA"
"-79.63","43.68","TORONTO INTL A","6158731","2024-08-20 16:00","2024","08","20","16:00","","19.1","","6.0","","42","","","","34","","34","","24.1","","99.85","","","","","","Mostly Cloudy"
"-79.63","43.68","TORONTO INTL A","6158731","2024-08-20 17:00","2024","08","20","17:00","","18.1","","7.9","","51","","","","35","","27","","24.1","","99.86","","","","","","NA"
"-79.63","43.68","TORONTO INTL A","6158731","2024-08-20 18:00","2024","08","20","18:00","","17.5","","7.4","","51","","","","34","","22","","24.1","","99.90","","","","","","NA"
"-79.63","43.68","TORONTO INTL A","6158731","2024-08-20 19:00","2024","08","20","19:00","","17.1","","7.7","","54","","","","36","","21","","24.1","","99.90","","","","","","Mostly Cloudy"
"-79.63","43.68","TORONTO INTL A","6158731","2024-08-20 20:00","2024","08","20","20:00","","17.0","","7.0","","51","","","","33","","20","","24.1","","99.95","","","","","","NA"
"-79.63","43.68","TORONTO INTL A","6158731","2024-08-20 21:00","2024","08","20","21:00","","16.2","","8.0","","58","","","","36","","14","","24.1","","100.00","","","","","","NA"
"-79.63","43.68","TORONTO INTL A","6158731","2024-08-20 22:00","2024","08","20","22:00","","15.3","","7.9","","61","","","","33","","18","","24.1","","99.98","","","","","","Mostly Cloudy"
"-79.63","43.68","TORONTO INTL A","6158731","2024-08-20 23:00","2024","08","20","23:00","","13.7","","8.0","","68","","","","31","","17","","24.1","","100.00","","","","","","NA"
"-79.63","43.68","TORONTO INTL A","6158731","2024-08-21 00:00","2024","08","21","00:00","","13.9","","7.7","","66","","","","33","","17","","24.1","","100.01","","","","","","NA"
"-79.63","43.68","TORONTO INTL A","6158731","2024-08-21 01:00","2024","08","21","01:00","","12.8","","7.7","","71","","","","32","","17","","24.1","","99.98","","","","","","Clear"
"-79.63","43.68","TORONTO INTL A","6158731","2024-08-21 02:00","2024","08","21","02:00","","12.6","","7.5","","71","","","","32","","17","","24.1","","99.99","","","","","","NA"
"-79.63","43.68","TORONTO INTL A","6158731","2024-08-21 03:00","2024","08","21","03:00","","12.7","","7.4","","70","","","","32","","17","","24.1","","100.00","","","","","","NA"
"-79.63","43.68","TORONTO INTL A","6158731","2024-08-21 04:00","2024","08","21","04:00","","11.9","","7.4","","74","","","","31","","15","","24.1","","100.01","","","","","","Mainly Clear"
"-79.63","43.68","TORONTO INTL A","6158731","2024-08-21 05:00","2024","08","21","05:00","","12.0","","7.3","","73","","","","31","","19","","24.1","","100.01","","","","","","NA"
"-79.63","43.68","TORONTO INTL A","6158731","2024-08-21 06:00","2024","08","21","06:00","","12.6","","7.6","","72","","","","31","","18","","24.1","","100.04","","","","","","NA"
"-79.63","43.68","TORONTO INTL A","6158731","2024-08-21 07:00","2024","08","21","07:00","","14.3","","8.2","","67","","","","32","","22","","24.1","","100.08","","","","","","Clear"
"-79.63","43.68","TORONTO INTL A","6158731","2024-08-21 08:00","2024","08","21","08:00","","15.7","","9.0","","64","","","","32","","21","","24.1","","100.10","","","","","","NA"
"-79.63","43.68","TORONTO INTL A","6158731","2024-08-21 09:00","2024","08","21","09:00","","18.0","","9.3","","57","","","","34","","27","","24.1","","100.10","","","","","","NA"
"-79.63","43.68","TORONTO INTL A","6158731","2024-08-21 10:00","2024","08","21","10:00","","19.3","","9.3","","52","","","","35","","29","","24.1","","100.13","","","","","","Mainly Clear"
"-79.63","43.68","TORONTO INTL A","6158731","2024-08-21 11:00","2024","08","21","11:00","","20.1","","8.2","","46","","","","34","","28","","24.1","","100.11","","","","","","NA"
"-79.63","43.68","TORONTO INTL A","6158731","2024-08-21 12:00","2024","08","21","12:00","","21.1","","8.4","","44","","","","36","","20","","24.1","","100.09","","","","","","NA"
"-79.63","43.68","TORONTO INTL A","6158731","2024-08-21 13:00","2024","08","21","13:00","","20.7","","7.9","","43","","","","35","","32","","24.1","","100.10","","","","","","Mostly Cloudy"
"-79.63","43.68","TORONTO INTL A","6158731","2024-08-21 14:00","2024","08","21","14:00","","19.0","","9.1","","53","","","","34","","24","","24.1","","100.07","","","","","","NA"
"-79.63","43.68","TORONTO INTL A","6158731","2024-08-21 15:00","2024","08","21","15:00","","19.9","","9.3","","50","","","","36","","23","","24.1","","100.03","","","","","","NA"
"-79.63","43.68","TORONTO INTL A","6158731","2024-08-21 16:00","2024","08","21","16:00","","20.5","","9.0","","47","","","","36","","27","","24.1","","99.99","","","","","","Mostly Cloudy"
"-79.63","43.68","TORONTO INTL A","6158731","2024-08-21 17:00","2024","08","21","17:00","","20.0","","9.3","","50","","","","33","","23","","24.1","","100.00","","","","","","NA"
"-79.63","43.68","TORONTO INTL A","6158731","2024-08-21 18:00","2024","08","21","18:00","","19.3","","9.3","","52","","","","34","","25","","24.1","","100.03","","","","","","NA"
"-79.63","43.68","TORONTO INTL A","6158731","2024-08-21 19:00","2024","08","21","19:00","","18.1","","9.6","","57","","","","32","","25","","24.1","","100.08","","","","","","Clear"
"-79.63","43.68","TORONTO INTL A","6158731","2024-08-21 20:00","2024","08","21","20:00","","17.5","","10.2","","62","","","","32","","27","","24.1","","100.10","","","","","","NA"
"-79.63","43.68","TORONTO INTL A","6158731","2024-08-21 21:00","2024","08","21","21:00","","16.5","","10.3","","66","","","","33","","17","","24.1","","100.10","","","","","","NA"
"-79.63","43.68","TORONTO INTL A","6158731","2024-08-21 22:00","2024","08","21","22:00","","16.1","","9.9","","66","","","","34","","26","","24.1","","100.10","","","","","","Clear"
"-79.63","43.68","TORONTO INTL A","6158731","2024-08-21 23:00","2024","08","21","23:00","","15.5","","9.9","","69","","","","33","","19","","24.1","","100.12","","","","","","NA"
"-79.63","43.68","TORONTO INTL A","6158731","2024-08-22 00:00","2024","08","22","00:00","","14.6","","9.8","","73","","","","32","","18","","24.1","","100.13","","","","","","NA"
"-79.63","43.68","TORONTO INTL A","6158731","2024-08-22 01:00","2024","08","22","01:00","","14.1","","9.6","","74","","","","31","","13","","24.1","","100.12","","","","","","Clear"
"-79.63","43.68","TORONTO INTL A","6158731","2024-08-22 02:00","2024","08","22","02:00","","13.2","","9.6","","78","","","","31","","12","","24.1","","100.12","","","","","","NA"
"-79.63","43.68","TORONTO INTL A","6158731","2024-08-22 03:00","2024","08","22","03:00","","11.8","","9.0","","83","","","","28","","9","","24.1","","100.13","","","","","","NA"
"-79.63","43.68","TORONTO INTL A","6158731","2024-08-22 04:00","2024","08","22","04:00","","11.3","","8.7","","84","","","","28","","5","","24.1","","100.15","","","","","","Clear"
"-79.63","43.68","TORONTO INTL A","6158731","2024-08-22 05:00","2024","08","22","05:00","","11.6","","8.0","","78","","","","29","","5","","24.1","","100.19","","","","","","NA"
"-79.63","43.68","TORONTO INTL A","6158731","2024-08-22 06:00","2024","08","22","06:00","","13.3","","7.8","","69","","","","31","","13","","24.1","","100.23","","","","","","NA"
"-79.63","43.68","TORONTO INTL A","6158731","2024-08-22 07:00","2024","08","22","07:00","","15.7","","9.3","","65","","","","32","","16","","24.1","","100.26","","","","","","Clear"
"-79.63","43.68","TORONTO INTL A","6158731","2024-08-22 08:00","2024","08","22","08:00","","18.5","","11.5","","63","","","","30","","15","","24.1","","100.29","","","","","","NA"
"-79.63","43.68","TORONTO INTL A","6158731","2024-08-22 09:00","2024","08","22","09:00","","20.3","","13.5","","65","","","","31","","18","","24.1","","100.29","","","","","","NA"
"-79.63","43.68","TORONTO INTL A","6158731","2024-08-22 10:00","2024","08","22","10:00","","21.7","","13.4","","59","","","","33","","20","","24.1","","100.29","","25","","","","Mainly Clear"
"-79.63","43.68","TORONTO INTL A","6158731","2024-08-22 11:00","2024","08","22","11:00","","22.6","","12.0","","50","","","","31","","10","","24.1","","100.26","","25","","","","NA"
"-79.63","43.68","TORONTO INTL A","6158731","2024-08-22 12:00","2024","08","22","12:00","","23.3","","12.7","","51","","","","36","","7","","24.1","","100.23","","26","","","","NA"
"-79.63","43.68","TORONTO INTL A","6158731","2024-08-22 13:00","2024","08","22","13:00","","23.6","","9.9","","41","","","","33","","11","","24.1","","100.19","","25","","","","Mostly Cloudy"
"-79.63","43.68","TORONTO INTL A","6158731","2024-08-22 14:00","2024","08","22","14:00","","23.3","","10.7","","44","","","","33","","11","","24.1","","100.13","","25","","","","NA"
"-79.63","43.68","TORONTO INTL A","6158731","2024-08-22 15:00","2024","08","22","15:00","","24.0","","12.3","","47","","","","24","","9","","24.1","","100.10","","26","","","","NA"
"-79.63","43.68","TORONTO INTL A","6158731","2024-08-22 16:00","2024","08","22","16:00","","23.0","","13.2","","54","","","","16","","14","","24.1","","100.10","","26","","","","Mostly Cloudy"
"-79.63","43.68","TORONTO INTL A","6158731","2024-08-22 17:00","2024","08","22","17:00","","23.1","","11.9","","49","","","","15","","12","","24.1","","100.09","","25","","","","NA"
"-79.63","43.68","TORONTO INTL A","6158731","2024-08-22 18:00","2024","08","22","18:00","","22.0","","11.0","","49","","","","16","","11","","24.1","","100.10","","","","","","NA"
"-79.63","43.68","TORONTO INTL A","6158731","2024-08-22 19:00","2024","08","22","19:00","","22.7","","11.4","","48","","","","32","","26","","24.1","","100.14","","25","","","","Mainly Clear"
"-79.63","43.68","TORONTO INTL A","6158731","2024-08-22 20:00","2024","08","22","20:00","","21.2","","11.1","","52","","","","30","","18","","24.1","","100.20","","","","","","NA"
"-79.63","43.68","TORONTO INTL A","6158731","2024-08-22 21:00","2024","08","22","21:00","","18.7","","11.7","","63","","","","29","","12","","24.1","","100.24","","","","","","NA"
"-79.63","43.68","TORONTO INTL A","6158731","2024-08-22 22:00","2024","08","22","22:00","","16.6","","11.3","","71","","","","28","","12","","24.1","","100.27","","","","","","Clear"
"-79.63","43.68","TORONTO INTL A","6158731","2024-08-22 23:00","2024","08","22","23:00","","17.4","","10.7","","64","","","","29","","9","","24.1","","100.30","","","","","","NA"
"-79.63","43.68","TORONTO INTL A","6158731","2024-08-23 00:00","2024","08","23","00:00","","14.4","","10.8","","79","","","","26","","10","","24.1","","100.33","","","","","","NA"
"-79.63","43.68","TORONTO INTL A","6158731","2024-08-23 01:00","2024","08","23","01:00","","14.9","","10.4","","74","","","","26","","7","","24.1","","100.31","","","","","","Clear"
"-79.63","43.68","TORONTO INTL A","6158731","2024-08-23 02:00","2024","08","23","02:00","","14.2","","11.2","","82","","","","23","","9","","24.1","","100.32","","","","","","NA"
"-79.63","43.68","TORONTO INTL A","6158731","2024-08-23 03:00","2024","08","23","03:00","","13.9","","11.1","","83","","","","26","","9","","24.1","","100.33","","","","","","NA"
"-79.63","43.68","TORONTO INTL A","6158731","2024-08-23 04:00","2024","08","23","04:00","","14.9","","11.4","","79","","","","29","","9","","24.1","","100.34","","","","","","Clear"
"-79.63","43.68","TORONTO INTL A","6158731","2024-08-23 05:00","2024","08","23","05:00","","14.4","","11.0","","80","","","","27","","9","","24.1","","100.34","","","","","","NA"
"-79.63","43.68","TORONTO INTL A","6158731","2024-08-23 06:00","2024","08","23","06:00","","14.9","","11.0","","77","","","","28","","9","","24.1","","100.39","","","","","","NA"
"-79.63","43.68","TORONTO INTL A","6158731","2024-08-23 07:00","2024","08","23","07:00","","16.9","","12.3","","74","","","","26","","7","","24.1","","100.42","","","","","","Mostly Cloudy"
"-79.63","43.68","TORONTO INTL A","6158731","2024-08-23 08:00","2024","08","23","08:00","","19.6","","12.8","","64","","","","29","","8","","24.1","","100.45","","","","","","NA"
"-79.63","43.68","TORONTO INTL A","6158731","2024-08-23 09:00","2024","08","23","09:00","","22.2","","14.2","","60","","","","27","","15","","24.1","","100.46","","26","","","","NA"
"-79.63","43.68","TORONTO INTL A","6158731","2024-08-23 10:00","2024","08","23","10:00","","23.2","","13.5","","54","","","","26","","16","","24.1","","100.44","","26","","","","Mostly Cloudy"
"-79.63","43.68","TORONTO INTL A","6158731","2024-08-23 11:00","2024","08","23","11:00","","24.8","","14.1","","51","","","","27","","17","","24.1","","100.42","","28","","","","NA"
"-79.63","43.68","TORONTO INTL A","6158731","2024-08-23 12:00","2024","08","23","12:00","","24.8","","12.6","","46","","","","21","","14","","24.1","","100.39","","27","","","","NA"
"-79.63","43.68","TORONTO INTL A","6158731","2024-08-23 13:00","2024","08","23","13:00","","25.2","","14.3","","50","","","","23","","9","","24.1","","100.35","","29","","","","Mostly Cloudy"
"-79.63","43.68","TORONTO INTL A","6158731","2024-08-23 14:00","2024","08","23","14:00","","24.6","","14.3","","52","","","","24","","10","","24.1","","100.31","","28","","","","NA"
"-79.63","43.68","TORONTO INTL A","6158731","2024-08-23 15:00","2024","08","23","15:00","","25.9","","13.6","","46","","","","24","","16","","24.1","","100.28","","29","","","","NA"
"-79.63","43.68","TORONTO INTL A","6158731","2024-08-23 16:00","2024","08","23","16:00","","25.2","","14.3","","50","","","","25","","16","","24.1","","100.26","","29","","","","Mostly Cloudy"
"-79.63","43.68","TORONTO INTL A","6158731","2024-08-23 17:00","2024","08","23","17:00","","24.0","","12.6","","48","","","","24","","19","","24.1","","100.25","","27","","","","NA"
"-79.63","43.68","TORONTO INTL A","6158731","2024-08-23 18:00","2024","08","23","18:00","","23.5","","12.8","","51","","","","23","","17","","24.1","","100.24","","26","","","","NA"
"-79.63","43.68","TORONTO INTL A","6158731","2024-08-23 19:00","2024","08","23","19:00","","22.4","","12.5","","53","","","","23","","13","","24.1","","100.24","","25","","","","Mostly Cloudy"
"-79.63","43.68","TORONTO INTL A","6158731","2024-08-23 20:00","2024","08","23","20:00","","20.9","","14.8","","68","","","","21","","11","","24.1","","100.27","","25","","","","NA"
"-79.63","43.68","TORONTO INTL A","6158731","2024-08-23 21:00","2024","08","23","21:00","","20.5","","15.2","","71","","","","22","","15","","24.1","","100.27","","25","","","","NA"
"-79.63","43.68","TORONTO INTL A","6158731","2024-08-23 22:00","2024","08","23","22:00","","18.4","","16.0","","86","","","","24","","13","","24.1","","100.29","","","","","","Mostly Cloudy"
"-79.63","43.68","TORONTO INTL A","6158731","2024-08-23 23:00","2024","08","23","23:00","","17.8","","15.5","","87","","","","27","","12","","24.1","","100.30","","","","","","NA"
"-79.63","43.68","TORONTO INTL A","6158731","2024-08-24 00:00","2024","08","24","00:00","","16.7","","15.1","","90","","","","27","","7","","24.1","","100.31","","","","","","NA"
"-79.63","43.68","TORONTO INTL A","6158731","2024-08-24 01:00","2024","08","24","01:00","","17.0","","14.4","","85","","","","29","","6","","24.1","","100.31","","","","","","Mainly Clear"
"-79.63","43.68","TORONTO INTL A","6158731","2024-08-24 02:00","2024","08","24","02:00","","16.6","","14.1","","85","","","","30","","5","","24.1","","100.32","","","","","","NA"
"-79.63","43.68","TORONTO INTL A","6158731","2024-08-24 03:00","2024","08","24","03:00","","15.7","","14.7","","93","","","","28","","4","","24.1","","100.29","","","","","","NA"
"-79.63","43.68","TORONTO INTL A","6158731","2024-08-24 04:00","2024","08","24","04:00","","16.5","","14.5","","88","","","","25","","3","","24.1","","100.29","","","","","","Mainly Clear"
"-79.63","43.68","TORONTO INTL A","6158731","2024-08-24 05:00","2024","08","24","05:00","","15.4","","14.7","","96","","","","26","","5","","24.1","","100.32","","","","","","NA"
"-79.63","43.68","TORONTO INTL A","6158731","2024-08-24 06:00","2024","08","24","06:00","","15.7","","14.7","","93","","","","27","","7","","24.1","","100.34","","","","","","NA"
"-79.63","43.68","TORONTO INTL A","6158731","2024-08-24 07:00","2024","08","24","07:00","","17.9","","15.2","","84","","","","23","","5","","24.1","","100.35","","","","","","Mostly Cloudy"
"-79.63","43.68","TORONTO INTL A","6158731","2024-08-24 08:00","2024","08","24","08:00","","20.0","","14.9","","72","","","","26","","12","","24.1","","100.38","","","","","","NA"
"-79.63","43.68","TORONTO INTL A","6158731","2024-08-24 09:00","2024","08","24","09:00","","22.4","","15.2","","63","","","","25","","10","","24.1","","100.36","","26","","","","NA"
"-79.63","43.68","TORONTO INTL A","6158731","2024-08-24 10:00","2024","08","24","10:00","","24.1","","15.0","","56","","","","25","","11","","24.1","","100.35","","28","","","","Mainly Clear"
"-79.63","43.68","TORONTO INTL A","6158731","2024-08-24 11:00","2024","08","24","11:00","","24.6","","15.7","","57","","","","20","","12","","24.1","","100.31","","29","","","","NA"
"-79.63","43.68","TORONTO INTL A","6158731","2024-08-24 12:00","2024","08","24","12:00","","23.1","","15.8","","63","","","","15","","13","","24.1","","100.27","","28","","","","Rain"
"-79.63","43.68","TORONTO INTL A","6158731","2024-08-24 13:00","2024","08","24","13:00","","24.5","","14.5","","53","","","","14","","16","","24.1","","100.25","","28","","","","Mostly Cloudy"
"-79.63","43.68","TORONTO INTL A","6158731","2024-08-24 14:00","2024","08","24","14:00","","25.0","","15.8","","56","","","","16","","16","","24.1","","100.19","","29","","","","NA"
"-79.63","43.68","TORONTO INTL A","6158731","2024-08-24 15:00","2024","08","24","15:00","","24.0","","14.2","","54","","","","15","","16","","24.1","","100.17","","27","","","","NA"
"-79.63","43.68","TORONTO INTL A","6158731","2024-08-24 16:00","2024","08","24","16:00","","24.1","","15.1","","57","","","","16","","14","","24.1","","100.15","","28","","","","Mostly Cloudy"
"-79.63","43.68","TORONTO INTL A","6158731","2024-08-24 17:00","2024","08","24","17:00","","24.4","","15.9","","58","","","","15","","14","","24.1","","100.12","","29","","","","NA"
"-79.63","43.68","TORONTO INTL A","6158731","2024-08-24 18:00","2024","08","24","18:00","","23.7","","16.8","","65","","","","13","","8","","24.1","","100.11","","29","","","","NA"
"-79.63","43.68","TORONTO INTL A","6158731","2024-08-24 19:00","2024","08","24","19:00","","22.5","","16.9","","70","","","","12","","10","","24.1","","100.10","","28","","","","Mostly Cloudy"
"-79.63","43.68","TORONTO INTL A","6158731","2024-08-24 20:00","2024","08","24","20:00","","22.1","","17.8","","77","","","","15","","12","","24.1","","100.12","","28","","","","NA"
"-79.63","43.68","TORONTO INTL A","6158731","2024-08-24 21:00","2024","08","24","21:00","","21.8","","17.6","","76","","","","14","","9","","24.1","","100.14","","28","","","","NA"
"-79.63","43.68","TORONTO INTL A","6158731","2024-08-24 22:00","2024","08","24","22:00","","21.9","","17.2","","74","","","","","","0","","24.1","","100.13","","27","","","","Mostly Cloudy"
"-79.63","43.68","TORONTO INTL A","6158731","2024-08-24 23:00","2024","08","24","23:00","","21.3","","16.6","","74","","","","24","","9","","24.1","","100.10","","26","","","","NA"
"-79.63","43.68","TORONTO INTL A","6158731","2024-08-25 00:00","2024","08","25","00:00","","20.0","","18.5","","91","","","","25","","10","","24.1","","100.13","","26","","","","NA"
"-79.63","43.68","TORONTO INTL A","6158731","2024-08-25 01:00","2024","08","25","01:00","","19.6","","16.6","","82","","","","36","","10","","24.1","","100.14","","","","","","Mostly Cloudy"
"-79.63","43.68","TORONTO INTL A","6158731","2024-08-25 02:00","2024","08","25","02:00","","19.9","","16.3","","79","","","","3","","5","","24.1","","100.15","","","","","","NA"
"-79.63","43.68","TORONTO INTL A","6158731","2024-08-25 03:00","2024","08","25","03:00","","19.1","","16.2","","83","","","","1","","7","","24.1","","100.15","","","","","","NA"
"-79.63","43.68","TORONTO INTL A","6158731","2024-08-25 04:00","2024","08","25","04:00","","17.1","","16.9","","98","","","","33","","6","","24.1","","100.17","","","","","","Clear"
"-79.63","43.68","TORONTO INTL A","6158731","2024-08-25 05:00","2024","08","25","05:00","","17.7","","16.4","","92","","","","","","0","","24.1","","100.22","","","","","","NA"
"-79.63","43.68","TORONTO INTL A","6158731","2024-08-25 06:00","2024","08","25","06:00","","17.4","","16.2","","92","","","","","","0","","24.1","","100.29","","","","","","NA"
"-79.63","43.68","TORONTO INTL A","6158731","2024-08-25 07:00","2024","08","25","07:00","","19.4","","16.9","","85","","","","1","","5","","24.1","","100.32","","","","","","Mainly Clear"
"-79.63","43.68","TORONTO INTL A","6158731","2024-08-25 08:00","2024","08","25","08:00","","21.7","","15.7","","68","","","","36","","5","","24.1","","100.34","","26","","","","NA"
"-79.63","43.68","TORONTO INTL A","6158731","2024-08-25 09:00","2024","08","25","09:00","","23.3","","15.5","","61","","","","2","","3","","24.1","","100.35","","28","","","","NA"
"-79.63","43.68","TORONTO INTL A","6158731","2024-08-25 10:00","2024","08","25","10:00","","24.7","","14.9","","54","","","","","","0","","24.1","","100.34","","29","","","","Clear"
"-79.63","43.68","TORONTO INTL A","6158731","2024-08-25 11:00","2024","08","25","11:00","","25.8","","15.6","","53","","","","33","","7","","24.1","","100.34","","30","","","","NA"
"-79.63","43.68","TORONTO INTL A","6158731","2024-08-25 12:00","2024","08","25","12:00","","26.5","","16.7","","54","","","","13","","10","","24.1","","100.31","","32","","","","NA"
"-79.63","43.68","TORONTO INTL A","6158731","2024-08-25 13:00","2024","08","25","13:00","","26.8","","15.8","","50","","","","19","","7","","24.1","","100.26","","31","","","","Mostly Cloudy"
"-79.63","43.68","TORONTO INTL A","6158731","2024-08-25 14:00","2024","08","25","14:00","","27.0","","17.4","","55","","","","16","","17","","24.1","","100.20","","33","","","","NA"
"-79.63","43.68","TORONTO INTL A","6158731","2024-08-25 15:00","2024","08","25","15:00","","26.9","","17.2","","55","","","","16","","16","","24.1","","100.18","","32","","","","NA"
"-79.63","43.68","TORONTO INTL A","6158731","2024-08-25 16:00","2024","08","25","16:00","","27.1","","16.8","","53","","","","16","","14","","24.1","","100.13","","32","","","","Mostly Cloudy"
"-79.63","43.68","TORONTO INTL A","6158731","2024-08-25 17:00","2024","08","25","17:00","","26.3","","15.8","","52","","","","14","","16","","24.1","","100.11","","31","","","","NA"
"-79.63","43.68","TORONTO INTL A","6158731","2024-08-25 18:00","2024","08","25","18:00","","25.2","","16.0","","56","","","","14","","13","","24.1","","100.11","","30","","","","NA"
"-79.63","43.68","TORONTO INTL A","6158731","2024-08-25 19:00","2024","08","25","19:00","","24.3","","15.5","","57","","","","16","","11","","24.1","","100.13","","29","","","","Mainly Clear"
"-79.63","43.68","TORONTO INTL A","6158731","2024-08-25 20:00","2024","08","25","20:00","","23.1","","16.0","","64","","","","14","","7","","24.1","","100.17","","28","","","","NA"
"-79.63","43.68","TORONTO INTL A","6158731","2024-08-25 21:00","2024","08","25","21:00","","22.6","","17.0","","70","","","","14","","9","","24.1","","100.18","","28","","","","NA"
"-79.63","43.68","TORONTO INTL A","6158731","2024-08-25 22:00","2024","08","25","22:00","","22.5","","17.4","","73","","","","18","","6","","24.1","","100.20","","28","","","","Clear"
"-79.63","43.68","TORONTO INTL A","6158731","2024-08-25 23:00","2024","08","25","23:00","","21.8","","17.3","","75","","","","19","","4","","24.1","","100.19","","27","","","","NA"
"-79.63","43.68","TORONTO INTL A","6158731","2024-08-26 00:00","2024","08","26","00:00","","19.5","","16.7","","84","","","","26","","10","","24.1","","100.17","","","","","","NA"
"-79.63","43.68","TORONTO INTL A","6158731","2024-08-26 01:00","2024","08","26","01:00","","19.2","","16.2","","82","","","","27","","8","","24.1","","100.13","","","","","","Clear"
"-79.63","43.68","TORONTO INTL A","6158731","2024-08-26 02:00","2024","08","26","02:00","","19.9","","16.0","","78","","","","29","","5","","24.1","","100.12","","","","","","NA"
"-79.63","43.68","TORONTO INTL A","6158731","2024-08-26 03:00","2024","08","26","03:00","","20.5","","16.1","","75","","","","28","","5","","24.1","","100.13","","25","","","","NA"
"-79.63","43.68","TORONTO INTL A","6158731","2024-08-26 04:00","2024","08","26","04:00","","18.4","","16.8","","90","","","","28","","6","","24.1","","100.10","","","","","","Clear"
"-79.63","43.68","TORONTO INTL A","6158731","2024-08-26 05:00","2024","08","26","05:00","","19.4","","16.4","","82","","","","34","","5","","24.1","","100.14","","","","","","NA"
"-79.63","43.68","TORONTO INTL A","6158731","2024-08-26 06:00","2024","08","26","06:00","","19.1","","16.6","","85","","","","31","","9","","19.3","","100.16","","","","","","NA"
"-79.63","43.68","TORONTO INTL A","6158731","2024-08-26 07:00","2024","08","26","07:00","","20.4","","17.2","","82","","","","30","","8","","24.1","","100.19","","26","","","","Clear"
"-79.63","43.68","TORONTO INTL A","6158731","2024-08-26 08:00","2024","08","26","08:00","","22.6","","16.9","","70","","","","6","","4","","24.1","","100.18","","28","","","","NA"
"-79.63","43.68","TORONTO INTL A","6158731","2024-08-26 09:00","2024","08","26","09:00","","24.8","","16.5","","59","","","","32","","3","","24.1","","100.19","","30","","","","NA"
"-79.63","43.68","TORONTO INTL A","6158731","2024-08-26 10:00","2024","08","26","10:00","","26.1","","16.5","","55","","","","16","","7","","24.1","","100.16","","31","","","","Clear"
"-79.63","43.68","TORONTO INTL A","6158731","2024-08-26 11:00","2024","08","26","11:00","","27.0","","17.2","","55","","","","14","","7","","24.1","","100.12","","32","","","","NA"
"-79.63","43.68","TORONTO INTL A","6158731","2024-08-26 12:00","2024","08","26","12:00","","27.4","","18.5","","58","","","","17","","11","","24.1","","100.08","","34","","","","NA"
"-79.63","43.68","TORONTO INTL A","6158731","2024-08-26 13:00","2024","08","26","13:00","","27.9","","16.4","","49","","","","14","","14","","24.1","","100.04","","33","","","","Mainly Clear"
"-79.63","43.68","TORONTO INTL A","6158731","2024-08-26 14:00","2024","08","26","14:00","","28.4","","17.4","","51","","","","15","","12","","24.1","","99.98","","34","","","","NA"
"-79.63","43.68","TORONTO INTL A","6158731","2024-08-26 15:00","2024","08","26","15:00","","28.2","","16.5","","48","","","","15","","18","","24.1","","99.96","","33","","","","NA"
"-79.63","43.68","TORONTO INTL A","6158731","2024-08-26 16:00","2024","08","26","16:00","","27.6","","16.5","","50","","","","16","","12","","24.1","","99.91","","33","","","","Mainly Clear"
"-79.63","43.68","TORONTO INTL A","6158731","2024-08-26 17:00","2024","08","26","17:00","","27.5","","17.4","","54","","","","15","","17","","24.1","","99.88","","33","","","","NA"
"-79.63","43.68","TORONTO INTL A","6158731","2024-08-26 18:00","2024","08","26","18:00","","26.8","","17.7","","57","","","","17","","12","","24.1","","99.89","","33","","","","NA"
"-79.63","43.68","TORONTO INTL A","6158731","2024-08-26 19:00","2024","08","26","19:00","","25.7","","17.0","","58","","","","17","","9","","24.1","","99.89","","31","","","","Clear"
"-79.63","43.68","TORONTO INTL A","6158731","2024-08-26 20:00","2024","08","26","20:00","","25.2","","16.8","","59","","","","16","","7","","24.1","","99.92","","30","","","","NA"
"-79.63","43.68","TORONTO INTL A","6158731","2024-08-26 21:00","2024","08","26","21:00","","24.6","","16.8","","62","","","","16","","7","","24.1","","99.93","","30","","","","NA"
"-79.63","43.68","TORONTO INTL A","6158731","2024-08-26 22:00","2024","08","26","22:00","","23.3","","18.8","","75","","","","14","","8","","24.1","","99.91","","30","","","","Clear"
"-79.63","43.68","TORONTO INTL A","6158731","2024-08-26 23:00","2024","08","26","23:00","","22.6","","19.5","","83","","","","15","","7","","24.1","","99.90","","30","","","","NA"
"-79.63","43.68","TORONTO INTL A","6158731","2024-08-27 00:00","2024","08","27","00:00","","22.1","","20.0","","88","","","","16","","7","","24.1","","99.88","","30","","","","NA"
"-79.63","43.68","TORONTO INTL A","6158731","2024-08-27 01:00","2024","08","27","01:00","","22.2","","18.7","","80","","","","18","","5","","24.1","","99.85","","29","","","","Clear"
"-79.63","43.68","TORONTO INTL A","6158731","2024-08-27 02:00","2024","08","27","02:00","","21.3","","18.9","","86","","","","16","","5","","24.1","","99.81","","28","","","","NA"
"-79.63","43.68","TORONTO INTL A","6158731","2024-08-27 03:00","2024","08","27","03:00","","21.9","","18.4","","81","","","","14","","4","","24.1","","99.78","","28","","","","NA"
"-79.63","43.68","TORONTO INTL A","6158731","2024-08-27 04:00","2024","08","27","04:00","","21.7","","17.9","","79","","","","26","","3","","24.1","","99.79","","28","","","","Mostly Cloudy"
"-79.63","43.68","TORONTO INTL A","6158731","2024-08-27 05:00","2024","08","27","05:00","","21.1","","17.7","","80","","","","25","","5","","24.1","","99.80","","27","","","","NA"
"-79.63","43.68","TORONTO INTL A","6158731","2024-08-27 06:00","2024","08","27","06:00","","22.0","","17.8","","77","","","","","","0","","24.1","","99.80","","28","","","","NA"
"-79.63","43.68","TORONTO INTL A","6158731","2024-08-27 07:00","2024","08","27","07:00","","23.1","","17.6","","71","","","","17","","7","","24.1","","99.76","","29","","","","Mainly Clear"
"-79.63","43.68","TORONTO INTL A","6158731","2024-08-27 08:00","2024","08","27","08:00","","24.4","","20.2","","77","","","","15","","8","","24.1","","99.74","","32","","","","NA"
"-79.63","43.68","TORONTO INTL A","6158731","2024-08-27 09:00","2024","08","27","09:00","","25.0","","19.6","","72","","","","15","","16","","24.1","","99.71","","32","","","","NA"
"-79.63","43.68","TORONTO INTL A","6158731","2024-08-27 10:00","2024","08","27","10:00","","24.9","","20.1","","74","","","","15","","16","","24.1","","99.66","","33","","","","Mostly Cloudy"
"-79.63","43.68","TORONTO INTL A","6158731","2024-08-27 11:00","2024","08","27","11:00","","26.6","","21.7","","74","","","","15","","16","","24.1","","99.53","","36","","","","NA"
"-79.63","43.68","TORONTO INTL A","6158731","2024-08-27 12:00","2024","08","27","12:00","","26.7","","22.4","","77","","","","15","","16","","24.1","","99.49","","36","","","","NA"
"-79.63","43.68","TORONTO INTL A","6158731","2024-08-27 13:00","2024","08","27","13:00","","29.0","","22.8","","69","","","","14","","20","","24.1","","99.46","","39","","","","Mostly Cloudy"
"-79.63","43.68","TORONTO INTL A","6158731","2024-08-27 14:00","2024","08","27","14:00","","29.5","","23.2","","68","","","","14","","20","","24.1","","99.37","","40","","","","NA"
"-79.63","43.68","TORONTO INTL A","6158731","2024-08-27 15:00","2024","08","27","15:00","","31.1","","21.8","","57","","","","26","","32","","24.1","","99.33","","40","","","","NA"
"-79.63","43.68","TORONTO INTL A","6158731","2024-08-27 16:00","2024","08","27","16:00","","30.4","","21.4","","58","","","","26","","30","","24.1","","99.31","","39","","","","Mostly Cloudy"
"-79.63","43.68","TORONTO INTL A","6158731","2024-08-27 17:00","2024","08","27","17:00","","29.9","","21.9","","62","","","","25","","29","","24.1","","99.30","","39","","","","NA"
"-79.63","43.68","TORONTO INTL A","6158731","2024-08-27 18:00","2024","08","27","18:00","","28.8","","22.4","","68","","","","25","","27","","24.1","","99.28","","38","","","","NA"
"-79.63","43.68","TORONTO INTL A","6158731","2024-08-27 19:00","2024","08","27","19:00","","27.4","","22.6","","74","","","","24","","16","","24.1","","99.34","","37","","","","Cloudy"
"-79.63","43.68","TORONTO INTL A","6158731","2024-08-27 20:00","2024","08","27","20:00","","27.3","","22.5","","75","","","","23","","10","","24.1","","99.29","","37","","","","NA"
"-79.63","43.68","TORONTO INTL A","6158731","2024-08-27 21:00","2024","08","27","21:00","","26.8","","20.4","","67","","","","24","","19","","24.1","","99.20","","35","","","","NA"
"-79.63","43.68","TORONTO INTL A","6158731","2024-08-27 22:00","2024","08","27","22:00","","25.4","","19.5","","70","","","","26","","27","","24.1","","99.21","","33","","","","Mostly Cloudy"
"-79.63","43.68","TORONTO INTL A","6158731","2024-08-27 23:00","2024","08","27","23:00","","24.2","","20.3","","78","","","","28","","20","","24.1","","99.24","","32","","","","NA"
"-79.63","43.68","TORONTO INTL A","6158731","2024-08-28 00:00","2024","08","28","00:00","","23.8","","21.9","","89","","","","28","","16","","24.1","","99.28","","33","","","","NA"
"-79.63","43.68","TORONTO INTL A","6158731","2024-08-28 01:00","2024","08","28","01:00","","24.2","","22.2","","89","","","","30","","17","","24.1","","99.31","","34","","","","Cloudy"
"-79.63","43.68","TORONTO INTL A","6158731","2024-08-28 02:00","2024","08","28","02:00","","23.5","","22.1","","92","","","","29","","17","","24.1","","99.31","","33","","","","NA"
"-79.63","43.68","TORONTO INTL A","6158731","2024-08-28 03:00","2024","08","28","03:00","","22.7","","21.4","","92","","","","32","","16","","24.1","","99.31","","31","","","","NA"
"-79.63","43.68","TORONTO INTL A","6158731","2024-08-28 04:00","2024","08","28","04:00","","21.6","","21.6","","100","","","","27","","10","","24.1","","99.41","","31","","","","Mostly Cloudy"
"-79.63","43.68","TORONTO INTL A","6158731","2024-08-28 05:00","2024","08","28","05:00","","21.5","","21.4","","99","","","","27","","12","","24.1","","99.49","","30","","","","NA"
"-79.63","43.68","TORONTO INTL A","6158731","2024-08-28 06:00","2024","08","28","06:00","","22.1","","21.4","","96","","","","28","","7","","24.1","","99.50","","31","","","","NA"
"-79.63","43.68","TORONTO INTL A","6158731","2024-08-28 07:00","2024","08","28","07:00","","22.6","","21.9","","96","","","","30","","9","","24.1","","99.51","","32","","","","Mostly Cloudy"
"-79.63","43.68","TORONTO INTL A","6158731","2024-08-28 08:00","2024","08","28","08:00","","23.8","","22.3","","91","","","","4","","4","","24.1","","99.52","","33","","","","NA"
"-79.63","43.68","TORONTO INTL A","6158731","2024-08-28 09:00","2024","08","28","09:00","","24.3","","22.8","","91","","","","","","0","","24.1","","99.56","","34","","","","NA"
"-79.63","43.68","TORONTO INTL A","6158731","2024-08-28 10:00","2024","08","28","10:00","","25.5","","22.1","","81","","","","23","","8","","24.1","","99.60","","35","","","","Mostly Cloudy"
"-79.63","43.68","TORONTO INTL A","6158731","2024-08-28 11:00","2024","08","28","11:00","","24.2","","21.9","","87","","","","13","","16","","24.1","","99.57","","33","","","","NA"
"-79.63","43.68","TORONTO INTL A","6158731","2024-08-28 12:00","2024","08","28","12:00","","23.7","","21.1","","85","","","","7","","14","","24.1","","99.60","","32","","","","NA"
"-79.63","43.68","TORONTO INTL A","6158731","2024-08-28 13:00","2024","08","28","13:00","","22.7","","21.3","","92","","","","10","","20","","24.1","","99.63","","31","","","","Mostly Cloudy"
"-79.63","43.68","TORONTO INTL A","6158731","2024-08-28 14:00","2024","08","28","14:00","","21.6","","21.1","","97","","","","8","","11","","24.1","","99.68","","30","","","","NA"
"-79.63","43.68","TORONTO INTL A","6158731","2024-08-28 15:00","2024","08","28","15:00","","20.7","","20.7","","100","","","","10","","14","","9.7","","99.70","","29","","","","Rain,Fog"
"-79.63","43.68","TORONTO INTL A","6158731","2024-08-28 16:00","2024","08","28","16:00","","20.0","","20.0","","100","","","","8","","10","","9.7","","99.73","","28","","","","Drizzle"
"-79.63","43.68","TORONTO INTL A","6158731","2024-08-28 17:00","2024","08","28","17:00","","19.1","","19.1","","100","","","","6","","13","","8.1","","99.76","","","","","","Drizzle,Fog"
"-79.63","43.68","TORONTO INTL A","6158731","2024-08-28 18:00","2024","08","28","18:00","","18.0","","18.0","","100","","","","3","","18","","9.7","","99.82","","","","","","Drizzle,Fog"
"-79.63","43.68","TORONTO INTL A","6158731","2024-08-28 19:00","2024","08","28","19:00","","17.7","","17.7","","100","","","","4","","13","","9.7","","99.90","","","","","","Fog"
"-79.63","43.68","TORONTO INTL A","6158731","2024-08-28 20:00","2024","08","28","20:00","","17.1","","17.1","","100","","","","3","","12","","6.4","","100.00","","","","","","Drizzle,Fog"
"-79.63","43.68","TORONTO INTL A","6158731","2024-08-28 21:00","2024","08","28","21:00","","16.7","","16.7","","100","","","","5","","14","","9.7","","100.05","","","","","","Drizzle,Fog"
"-79.63","43.68","TORONTO INTL A","6158731","2024-08-28 22:00","2024","08","28","22:00","","17.2","","15.7","","91","","","","8","","10","","24.1","","100.06","","","","","","Cloudy"
"-79.63","43.68","TORONTO INTL A","6158731","2024-08-28 23:00","2024","08","28","23:00","","17.6","","14.8","","84","","","","9","","8","","24.1","","100.08","","","","","","NA"
"-79.63","43.68","TORONTO INTL A","6158731","2024-08-29 00:00","2024","08","29","00:00","","17.9","","14.7","","82","","","","8","","7","","24.1","","100.09","","","","","","NA"
"-79.63","43.68","TORONTO INTL A","6158731","2024-08-29 01:00","2024","08","29","01:00","","17.9","","14.9","","82","","","","8","","10","","24.1","","100.08","","","","","","Cloudy"
"-79.63","43.68","TORONTO INTL A","6158731","2024-08-29 02:00","2024","08","29","02:00","","18.1","","14.7","","80","","","","7","","10","","24.1","","100.10","","","","","","NA"
"-79.63","43.68","TORONTO INTL A","6158731","2024-08-29 03:00","2024","08","29","03:00","","17.5","","14.0","","80","","","","5","","10","","24.1","","100.14","","","","","","NA"
"-79.63","43.68","TORONTO INTL A","6158731","2024-08-29 04:00","2024","08","29","04:00","","17.0","","12.7","","75","","","","4","","13","","24.1","","100.19","","","","","","Cloudy"
"-79.63","43.68","TORONTO INTL A","6158731","2024-08-29 05:00","2024","08","29","05:00","","16.8","","11.4","","70","","","","6","","12","","24.1","","100.25","","","","","","NA"
"-79.63","43.68","TORONTO INTL A","6158731","2024-08-29 06:00","2024","08","29","06:00","","16.8","","11.8","","72","","","","7","","9","","24.1","","100.30","","","","","","NA"
"-79.63","43.68","TORONTO INTL A","6158731","2024-08-29 07:00","2024","08","29","07:00","","17.0","","12.2","","73","","","","9","","11","","24.1","","100.32","","","","","","Cloudy"
"-79.63","43.68","TORONTO INTL A","6158731","2024-08-29 08:00","2024","08","29","08:00","","17.5","","13.3","","76","","","","8","","10","","24.1","","100.35","","","","","","NA"
"-79.63","43.68","TORONTO INTL A","6158731","2024-08-29 09:00","2024","08","29","09:00","","18.3","","14.5","","78","","","","8","","10","","24.1","","100.36","","","","","","NA"
"-79.63","43.68","TORONTO INTL A","6158731","2024-08-29 10:00","2024","08","29","10:00","","18.8","","15.2","","80","","","","7","","10","","24.1","","100.36","","","","","","Mostly Cloudy"
"-79.63","43.68","TORONTO INTL A","6158731","2024-08-29 11:00","2024","08","29","11:00","","19.6","","15.6","","77","","","","5","","10","","24.1","","100.34","","","","","","NA"
"-79.63","43.68","TORONTO INTL A","6158731","2024-08-29 12:00","2024","08","29","12:00","","20.2","","15.2","","72","","","","8","","9","","24.1","","100.34","","","","","","NA"
"-79.63","43.68","TORONTO INTL A","6158731","2024-08-29 13:00","2024","08","29","13:00","","20.6","","14.6","","68","","","","","","0","","24.1","","100.33","","","","","","Mostly Cloudy"
"-79.63","43.68","TORONTO INTL A","6158731","2024-08-29 14:00","2024","08","29","14:00","","20.2","","15.8","","76","","","","14","","19","","24.1","","100.30","","25","","","","NA"
"-79.63","43.68","TORONTO INTL A","6158731","2024-08-29 15:00","2024","08","29","15:00","","20.8","","15.6","","72","","","","14","","13","","24.1","","100.29","","25","","","","NA"
"-79.63","43.68","TORONTO INTL A","6158731","2024-08-29 16:00","2024","08","29","16:00","","20.2","","15.2","","73","","","","14","","13","","24.1","","100.27","","","","","","Mostly Cloudy"
"-79.63","43.68","TORONTO INTL A","6158731","2024-08-29 17:00","2024","08","29","17:00","","20.9","","14.7","","67","","","","15","","9","","24.1","","100.28","","25","","","","NA"
"-79.63","43.68","TORONTO INTL A","6158731","2024-08-29 18:00","2024","08","29","18:00"
"-79.63","43.68","TORONTO INTL A","6158731","2024-08-29 19:00","2024","08","29","19:00","","19.1","","13.6","","70","","","","15","","9","","24.1","","100.27","","","","","","Mainly Clear"
"-79.63","43.68","TORONTO INTL A","6158731","2024-08-29 20:00","2024","08","29","20:00","","18.7","","14.1","","75","","","","12","","6","","24.1","","100.25","","","","","","NA"
"-79.63","43.68","TORONTO INTL A","6158731","2024-08-29 21:00","2024","08","29","21:00","","18.2","","14.1","","77","","","","8","","9","","24.1","","100.22","","","","","","NA"
"-79.63","43.68","TORONTO INTL A","6158731","2024-08-29 22:00","2024","08","29","22:00","","18.0","","13.9","","77","","","","9","","5","","24.1","","100.24","","","","","","Clear"
"-79.63","43.68","TORONTO INTL A","6158731","2024-08-29 23:00","2024","08","29","23:00","","16.8","","14.1","","84","","","","5","","7","","24.1","","100.24","","","","","","NA"
"-79.63","43.68","TORONTO INTL A","6158731","2024-08-30 00:00","2024","08","30","00:00","","17.0","","14.2","","84","","","","4","","8","","24.1","","100.25","","","","","","NA"
"-79.63","43.68","TORONTO INTL A","6158731","2024-08-30 01:00","2024","08","30","01:00","","16.9","","14.3","","84","","","","3","","8","","24.1","","100.20","","","","","","Mainly Clear"
"-79.63","43.68","TORONTO INTL A","6158731","2024-08-30 02:00","2024","08","30","02:00","","16.5","","14.8","","89","","","","2","","7","","24.1","","100.16","","","","","","NA"
"-79.63","43.68","TORONTO INTL A","6158731","2024-08-30 03:00","2024","08","30","03:00","","15.8","","14.8","","94","","","","3","","7","","24.1","","100.07","","","","","","NA"
"-79.63","43.68","TORONTO INTL A","6158731","2024-08-30 04:00","2024","08","30","04:00","","16.3","","15.5","","95","","","","2","","7","","24.1","","100.02","","","","","","Mostly Cloudy"
"-79.63","43.68","TORONTO INTL A","6158731","2024-08-30 05:00","2024","08","30","05:00","","16.6","","15.2","","92","","","","1","","8","","24.1","","99.99","","","","","","NA"
"-79.63","43.68","TORONTO INTL A","6158731","2024-08-30 06:00","2024","08","30","06:00","","16.9","","15.4","","91","","","","5","","7","","24.1","","100.02","","","","","","NA"
"-79.63","43.68","TORONTO INTL A","6158731","2024-08-30 07:00","2024","08","30","07:00","","18.1","","17.3","","95","","","","5","","8","","24.1","","100.02","","","","","","Cloudy"
"-79.63","43.68","TORONTO INTL A","6158731","2024-08-30 08:00","2024","08","30","08:00","","19.2","","18.1","","93","","","","7","","9","","24.1","","99.98","","","","","","NA"
"-79.63","43.68","TORONTO INTL A","6158731","2024-08-30 09:00","2024","08","30","09:00","","20.4","","18.6","","90","","","","9","","8","","24.1","","100.00","","27","","","","NA"
"-79.63","43.68","TORONTO INTL A","6158731","2024-08-30 10:00","2024","08","30","10:00","","21.6","","19.1","","85","","","","11","","9","","24.1","","99.97","","28","","","","Mostly Cloudy"
"-79.63","43.68","TORONTO INTL A","6158731","2024-08-30 11:00","2024","08","30","11:00","","23.1","","20.0","","82","","","","16","","12","","24.1","","99.92","","31","","","","NA"
"-79.63","43.68","TORONTO INTL A","6158731","2024-08-30 12:00","2024","08","30","12:00","","23.6","","19.9","","80","","","","17","","11","","24.1","","99.89","","31","","","","NA"
"-79.63","43.68","TORONTO INTL A","6158731","2024-08-30 13:00","2024","08","30","13:00","","24.4","","19.0","","72","","","","15","","15","","24.1","","99.81","","31","","","","Mainly Clear"
"-79.63","43.68","TORONTO INTL A","6158731","2024-08-30 14:00","2024","08","30","14:00","","25.1","","18.5","","66","","","","14","","16","","24.1","","99.75","","31","","","","NA"
"-79.63","43.68","TORONTO INTL A","6158731","2024-08-30 15:00","2024","08","30","15:00","","26.1","","20.1","","69","","","","19","","13","","24.1","","99.71","","34","","","","NA"
"-79.63","43.68","TORONTO INTL A","6158731","2024-08-30 16:00","2024","08","30","16:00","","26.0","","19.4","","66","","","","15","","18","","24.1","","99.61","","33","","","","Mainly Clear"
"-79.63","43.68","TORONTO INTL A","6158731","2024-08-30 17:00","2024","08","30","17:00","","24.0","","20.2","","79","","","","14","","17","","24.1","","99.54","","32","","","","NA"
"-79.63","43.68","TORONTO INTL A","6158731","2024-08-30 18:00","2024","08","30","18:00","","22.6","","22.2","","97","","","","13","","16","","24.1","","99.51","","32","","","","NA"
"-79.63","43.68","TORONTO INTL A","6158731","2024-08-30 19:00","2024","08","30","19:00","","22.6","","22.6","","100","","","","13","","11","","24.1","","99.46","","32","","","","Mostly Cloudy"
"-79.63","43.68","TORONTO INTL A","6158731","2024-08-30 20:00","2024","08","30","20:00","","22.9","","22.2","","96","","","","10","","7","","24.1","","99.45","","32","","","","NA"
"-79.63","43.68","TORONTO INTL A","6158731","2024-08-30 21:00","2024","08","30","21:00","","23.2","","22.5","","96","","","","","","0","","24.1","","99.45","","33","","","","NA"
"-79.63","43.68","TORONTO INTL A","6158731","2024-08-30 22:00","2024","08","30","22:00","","23.2","","23.2","","100","","","","19","","6","","24.1","","99.42","","34","","","","Mostly Cloudy"
"-79.63","43.68","TORONTO INTL A","6158731","2024-08-30 23:00","2024","08","30","23:00","","22.1","","22.1","","100","","","","24","","22","","12.9","","99.46","","32","","","","Thunderstorms,Moderate Rain Showers"
"-79.63","43.68","TORONTO INTL A","6158731","2024-08-31 00:00","2024","08","31","00:00","","21.7","","21.7","","100","","","","23","","12","","24.1","","99.38","","31","","","","NA"
"-79.63","43.68","TORONTO INTL A","6158731","2024-08-31 01:00","2024","08","31","01:00","","21.9","","21.9","","100","","","","19","","6","","19.3","","99.43","","31","","","","Thunderstorms,Rain Showers"
"-79.63","43.68","TORONTO INTL A","6158731","2024-08-31 02:00","2024","08","31","02:00","","21.1","","21.1","","100","","","","24","","4","","19.3","","99.38","","30","","","","Thunderstorms,Rain Showers"
"-79.63","43.68","TORONTO INTL A","6158731","2024-08-31 03:00","2024","08","31","03:00","","20.8","","20.8","","100","","","","26","","8","","24.1","","99.36","","29","","","","NA"
"-79.63","43.68","TORONTO INTL A","6158731","2024-08-31 04:00","2024","08","31","04:00","","20.9","","20.9","","100","","","","28","","7","","24.1","","99.29","","29","","","","Mostly Cloudy"
"-79.63","43.68","TORONTO INTL A","6158731","2024-08-31 05:00","2024","08","31","05:00","","21.1","","21.1","","100","","","","24","","9","","24.1","","99.32","","30","","","","NA"
"-79.63","43.68","TORONTO INTL A","6158731","2024-08-31 06:00","2024","08","31","06:00","","21.5","","21.5","","100","","","","27","","5","","19.3","","99.36","","30","","","","NA"
"-79.63","43.68","TORONTO INTL A","6158731","2024-08-31 07:00","2024","08","31","07:00","","21.4","","21.4","","100","","","","24","","8","","19.3","","99.38","","30","","","","Cloudy"
"-79.63","43.68","TORONTO INTL A","6158731","2024-08-31 08:00","2024","08","31","08:00","","22.3","","22.3","","100","","","","36","","13","","19.3","","99.34","","32","","","","NA"
"-79.63","43.68","TORONTO INTL A","6158731","2024-08-31 09:00","2024","08","31","09:00","","22.7","","22.6","","99","","","","36","","17","","24.1","","99.34","","33","","","","NA"
"-79.63","43.68","TORONTO INTL A","6158731","2024-08-31 10:00","2024","08","31","10:00","","23.7","","16.3","","63","","","","35","","14","","24.1","","99.39","","29","","","","Mainly Clear"
"-79.63","43.68","TORONTO INTL A","6158731","2024-08-31 11:00","2024","08","31","11:00","","25.4","","17.0","","59","","","","33","","15","","24.1","","99.40","","31","","","","NA"
"-79.63","43.68","TORONTO INTL A","6158731","2024-08-31 12:00","2024","08","31","12:00","","25.6","","16.3","","56","","","","32","","9","","24.1","","99.37","","30","","","","NA"
"-79.63","43.68","TORONTO INTL A","6158731","2024-08-31 13:00","2024","08","31","13:00","","26.4","","16.4","","54","","","","29","","16","","24.1","","99.34","","31","","","","Mainly Clear"
"-79.63","43.68","TORONTO INTL A","6158731","2024-08-31 14:00","2024","08","31","14:00","","27.5","","17.4","","54","","","","29","","20","","24.1","","99.27","","33","","","","NA"
"-79.63","43.68","TORONTO INTL A","6158731","2024-08-31 15:00","2024","08","31","15:00","","27.5","","15.9","","48","","","","31","","16","","24.1","","99.21","","32","","","","NA"
"-79.63","43.68","TORONTO INTL A","6158731","2024-08-31 16:00","2024","08","31","16:00","","27.3","","13.7","","43","","","","32","","22","","24.1","","99.16","","30","","","","Mainly Clear"
"-79.63","43.68","TORONTO INTL A","6158731","2024-08-31 17:00","2024","08","31","17:00","","26.7","","12.7","","41","","","","31","","19","","24.1","","99.17","","29","","","","NA"
"-79.63","43.68","TORONTO INTL A","6158731","2024-08-31 18:00","2024","08","31","18:00","","25.7","","13.6","","47","","","","30","","10","","24.1","","99.16","","29","","","","NA"
"-79.63","43.68","TORONTO INTL A","6158731","2024-08-31 19:00","2024","08","31","19:00","","24.8","","13.8","","50","","","","30","","14","","24.1","","99.18","","28","","","","Mainly Clear"
"-79.63","43.68","TORONTO INTL A","6158731","2024-08-31 20:00","2024","08","31","20:00","","22.2","","14.0","","59","","","","28","","12","","24.1","","99.21","","26","","","","NA"
"-79.63","43.68","TORONTO INTL A","6158731","2024-08-31 21:00","2024","08","31","21:00","","21.3","","14.2","","63","","","","28","","12","","24.1","","99.23","","25","","","","NA"
"-79.63","43.68","TORONTO INTL A","6158731","2024-08-31 22:00","2024","08","31","22:00","","19.4","","14.5","","73","","","","26","","9","","24.1","","99.20","","","","","","Clear"
"-79.63","43.68","TORONTO INTL A","6158731","2024-08-31 23:00","2024","08","31","23:00","","18.4","","14.6","","79","","","","26","","13","","24.1","","99.16","","","","","","NA"
